/*
 * SPDX-License-Identifier: MIT-0
 * Copyright (c) 2026 Jeffrey H. Johnson <johnsonjh.dev@gmail.com>
 */

static const unsigned char iz_cmpsc16_ascii_dict[16384] = {
    0x07, 0x30, 0x30, 0x30, 0x30, 0x34, 0x34, 0x31, 0x06, 0x30, 0x30, 0x30, 0x30, 0x34, 0x33, 0x00,
    0x06, 0x30, 0x30, 0x30, 0x30, 0x34, 0x32, 0x00, 0x06, 0x30, 0x30, 0x30, 0x30, 0x34, 0x34, 0x00,
    0x06, 0x30, 0x30, 0x30, 0x30, 0x31, 0x33, 0x00, 0x07, 0x30, 0x30, 0x30, 0x30, 0x31, 0x42, 0x35,
    0x05, 0x30, 0x30, 0x30, 0x30, 0x30, 0x00, 0x00, 0x05, 0x30, 0x30, 0x30, 0x30, 0x34, 0x00, 0x00,
    0x05, 0x30, 0x30, 0x30, 0x30, 0x31, 0x00, 0x00, 0x04, 0x30, 0x30, 0x20, 0x20, 0x00, 0x00, 0x00,
    0x04, 0x30, 0x30, 0x30, 0x30, 0x00, 0x00, 0x00, 0x03, 0x30, 0x30, 0x31, 0x00, 0x00, 0x00, 0x00,
    0x03, 0x30, 0x30, 0x34, 0x00, 0x00, 0x00, 0x00, 0x03, 0x30, 0x30, 0x35, 0x00, 0x00, 0x00, 0x00,
    0x03, 0x30, 0x30, 0x36, 0x00, 0x00, 0x00, 0x00, 0x00, 0x00, 0x00, 0x00, 0x00, 0x00, 0x00, 0x00,
    0x03, 0x30, 0x30, 0x37, 0x00, 0x00, 0x00, 0x00, 0x03, 0x30, 0x30, 0x43, 0x00, 0x00, 0x00, 0x00,
    0x03, 0x30, 0x30, 0x44, 0x00, 0x00, 0x00, 0x00, 0x03, 0x30, 0x30, 0x45, 0x00, 0x00, 0x00, 0x00,
    0x03, 0x30, 0x30, 0x42, 0x00, 0x00, 0x00, 0x00, 0x03, 0x30, 0x30, 0x20, 0x00, 0x00, 0x00, 0x00,
    0x07, 0x30, 0x39, 0x2f, 0x30, 0x37, 0x2f, 0x32, 0x06, 0x30, 0x39, 0x2f, 0x30, 0x37, 0x2f, 0x00,
    0x07, 0x30, 0x39, 0x2f, 0x30, 0x33, 0x2f, 0x32, 0x06, 0x30, 0x39, 0x2f, 0x30, 0x33, 0x2f, 0x00,
    0x07, 0x30, 0x39, 0x2f, 0x30, 0x35, 0x2f, 0x32, 0x06, 0x30, 0x39, 0x2f, 0x30, 0x35, 0x2f, 0x00,
    0x07, 0x30, 0x39, 0x2f, 0x30, 0x34, 0x2f, 0x32, 0x06, 0x30, 0x39, 0x2f, 0x30, 0x34, 0x2f, 0x00,
    0x07, 0x30, 0x39, 0x2f, 0x30, 0x36, 0x2f, 0x31, 0x07, 0x30, 0x39, 0x2f, 0x30, 0x36, 0x2f, 0x32,
    0x07, 0x30, 0x39, 0x2f, 0x30, 0x31, 0x2f, 0x31, 0x07, 0x30, 0x39, 0x2f, 0x30, 0x31, 0x2f, 0x32,
    0x07, 0x30, 0x39, 0x2f, 0x30, 0x32, 0x2f, 0x31, 0x06, 0x30, 0x39, 0x2f, 0x30, 0x39, 0x2f, 0x00,
    0x05, 0x30, 0x39, 0x2f, 0x30, 0x37, 0x00, 0x00, 0x05, 0x30, 0x39, 0x2f, 0x30, 0x33, 0x00, 0x00,
    0x05, 0x30, 0x39, 0x2f, 0x30, 0x35, 0x00, 0x00, 0x05, 0x30, 0x39, 0x2f, 0x30, 0x34, 0x00, 0x00,
    0x06, 0x30, 0x39, 0x2f, 0x30, 0x36, 0x2f, 0x00, 0x00, 0x00, 0x00, 0x00, 0x00, 0x00, 0x00, 0x00,
    0x06, 0x30, 0x39, 0x2f, 0x30, 0x31, 0x2f, 0x00, 0x06, 0x30, 0x39, 0x2f, 0x30, 0x32, 0x2f, 0x00,
    0x06, 0x30, 0x39, 0x2f, 0x30, 0x38, 0x2f, 0x00, 0x05, 0x30, 0x39, 0x2f, 0x30, 0x39, 0x00, 0x00,
    0x06, 0x30, 0x39, 0x2f, 0x31, 0x30, 0x2f, 0x00, 0x06, 0x30, 0x39, 0x2f, 0x31, 0x32, 0x2f, 0x00,
    0x06, 0x30, 0x39, 0x2f, 0x31, 0x31, 0x2f, 0x00, 0x06, 0x30, 0x39, 0x2f, 0x31, 0x33, 0x2f, 0x00,
    0x06, 0x30, 0x39, 0x2f, 0x31, 0x34, 0x2f, 0x00, 0x00, 0x00, 0x00, 0x00, 0x00, 0x00, 0x00, 0x00,
    0x06, 0x30, 0x39, 0x2f, 0x31, 0x35, 0x2f, 0x00, 0x06, 0x30, 0x39, 0x2f, 0x31, 0x36, 0x2f, 0x00,
    0x06, 0x30, 0x39, 0x2f, 0x31, 0x37, 0x2f, 0x00, 0x06, 0x30, 0x39, 0x2f, 0x31, 0x38, 0x2f, 0x00,
    0x06, 0x30, 0x39, 0x2f, 0x31, 0x39, 0x2f, 0x00, 0x07, 0x30, 0x39, 0x2f, 0x32, 0x31, 0x2f, 0x32,
    0x05, 0x30, 0x39, 0x2f, 0x32, 0x31, 0x00, 0x00, 0x06, 0x30, 0x39, 0x2f, 0x32, 0x32, 0x2f, 0x00,
    0x06, 0x30, 0x39, 0x2f, 0x32, 0x33, 0x2f, 0x00, 0x06, 0x30, 0x39, 0x2f, 0x32, 0x34, 0x2f, 0x00,
    0x06, 0x30, 0x39, 0x2f, 0x32, 0x35, 0x2f, 0x00, 0x00, 0x00, 0x00, 0x00, 0x00, 0x00, 0x00, 0x00,
    0x06, 0x30, 0x39, 0x2f, 0x32, 0x36, 0x2f, 0x00, 0x06, 0x30, 0x39, 0x2f, 0x32, 0x37, 0x2f, 0x00,
    0x06, 0x30, 0x39, 0x2f, 0x32, 0x38, 0x2f, 0x00, 0x06, 0x30, 0x39, 0x2f, 0x32, 0x39, 0x2f, 0x00,
    0x04, 0x30, 0x39, 0x2f, 0x30, 0x00, 0x00, 0x00, 0x04, 0x30, 0x39, 0x2f, 0x31, 0x00, 0x00, 0x00,
    0x04, 0x30, 0x39, 0x2f, 0x32, 0x00, 0x00, 0x00, 0x04, 0x30, 0x39, 0x2f, 0x33, 0x00, 0x00, 0x00,
    0x04, 0x30, 0x39, 0x2d, 0x31, 0x00, 0x00, 0x00, 0x04, 0x30, 0x39, 0x2d, 0x32, 0x00, 0x00, 0x00,
    0x04, 0x30, 0x39, 0x2d, 0x30, 0x00, 0x00, 0x00, 0x03, 0x30, 0x39, 0x2f, 0x00, 0x00, 0x00, 0x00,
    0x03, 0x30, 0x39, 0x2d, 0x00, 0x00, 0x00, 0x00, 0x06, 0x30, 0x32, 0x2f, 0x30, 0x37, 0x2f, 0x00,
    0x06, 0x30, 0x32, 0x2f, 0x30, 0x38, 0x2f, 0x00, 0x06, 0x30, 0x32, 0x2f, 0x30, 0x34, 0x2f, 0x00,
    0x06, 0x30, 0x32, 0x2f, 0x30, 0x35, 0x2f, 0x00, 0x06, 0x30, 0x32, 0x2f, 0x30, 0x36, 0x2f, 0x00,
    0x00, 0x00, 0x00, 0x00, 0x00, 0x00, 0x00, 0x00, 0x06, 0x30, 0x32, 0x2f, 0x30, 0x31, 0x2f, 0x00,
    0x06, 0x30, 0x32, 0x2f, 0x30, 0x39, 0x2f, 0x00, 0x06, 0x30, 0x32, 0x2f, 0x30, 0x32, 0x2f, 0x00,
    0x06, 0x30, 0x32, 0x2f, 0x30, 0x33, 0x2f, 0x00, 0x06, 0x30, 0x32, 0x2f, 0x31, 0x30, 0x2f, 0x00,
    0x06, 0x30, 0x32, 0x2f, 0x31, 0x32, 0x2f, 0x00, 0x06, 0x30, 0x32, 0x2f, 0x31, 0x31, 0x2f, 0x00,
    0x04, 0x30, 0x32, 0x2f, 0x30, 0x00, 0x00, 0x00, 0x04, 0x30, 0x32, 0x2f, 0x31, 0x00, 0x00, 0x00,
    0x04, 0x30, 0x32, 0x2f, 0x32, 0x00, 0x00, 0x00, 0x04, 0x30, 0x32, 0x2d, 0x31, 0x00, 0x00, 0x00,
    0x04, 0x30, 0x32, 0x2d, 0x32, 0x00, 0x00, 0x00, 0x04, 0x30, 0x32, 0x2d, 0x30, 0x00, 0x00, 0x00,
    0x03, 0x30, 0x32, 0x2f, 0x00, 0x00, 0x00, 0x00, 0x03, 0x30, 0x32, 0x2d, 0x00, 0x00, 0x00, 0x00,
    0x03, 0x30, 0x32, 0x20, 0x00, 0x00, 0x00, 0x00, 0x04, 0x30, 0x32, 0x30, 0x20, 0x00, 0x00, 0x00,
    0x06, 0x30, 0x34, 0x2f, 0x30, 0x37, 0x2f, 0x00, 0x06, 0x30, 0x34, 0x2f, 0x30, 0x38, 0x2f, 0x00,
    0x06, 0x30, 0x34, 0x2f, 0x30, 0x39, 0x2f, 0x00, 0x06, 0x30, 0x34, 0x2f, 0x30, 0x34, 0x2f, 0x00,
    0x06, 0x30, 0x34, 0x2f, 0x30, 0x35, 0x2f, 0x00, 0x00, 0x00, 0x00, 0x00, 0x00, 0x00, 0x00, 0x00,
    0x06, 0x30, 0x34, 0x2f, 0x30, 0x36, 0x2f, 0x00, 0x06, 0x30, 0x34, 0x2f, 0x30, 0x31, 0x2f, 0x00,
    0x06, 0x30, 0x34, 0x2f, 0x30, 0x32, 0x2f, 0x00, 0x06, 0x30, 0x34, 0x2f, 0x30, 0x33, 0x2f, 0x00,
    0x06, 0x30, 0x34, 0x2f, 0x31, 0x30, 0x2f, 0x00, 0x06, 0x30, 0x34, 0x2f, 0x31, 0x32, 0x2f, 0x00,
    0x06, 0x30, 0x34, 0x2f, 0x31, 0x31, 0x2f, 0x00, 0x04, 0x30, 0x34, 0x2f, 0x30, 0x00, 0x00, 0x00,
    0x04, 0x30, 0x34, 0x2f, 0x31, 0x00, 0x00, 0x00, 0x04, 0x30, 0x34, 0x2f, 0x32, 0x00, 0x00, 0x00,
    0x04, 0x30, 0x34, 0x2d, 0x31, 0x00, 0x00, 0x00, 0x04, 0x30, 0x34, 0x2d, 0x32, 0x00, 0x00, 0x00,
    0x04, 0x30, 0x34, 0x2d, 0x30, 0x00, 0x00, 0x00, 0x07, 0x30, 0x34, 0x30, 0x34, 0x30, 0x34, 0x30,
    0x03, 0x30, 0x34, 0x2f, 0x00, 0x00, 0x00, 0x00, 0x03, 0x30, 0x34, 0x20, 0x00, 0x00, 0x00, 0x00,
    0x03, 0x30, 0x34, 0x2d, 0x00, 0x00, 0x00, 0x00, 0x03, 0x30, 0x34, 0x30, 0x00, 0x00, 0x00, 0x00,
    0x06, 0x30, 0x38, 0x2f, 0x30, 0x39, 0x2f, 0x00, 0x06, 0x30, 0x38, 0x2f, 0x30, 0x37, 0x2f, 0x00,
    0x06, 0x30, 0x38, 0x2f, 0x30, 0x38, 0x2f, 0x00, 0x06, 0x30, 0x38, 0x2f, 0x30, 0x34, 0x2f, 0x00,
    0x06, 0x30, 0x38, 0x2f, 0x30, 0x35, 0x2f, 0x00, 0x00, 0x00, 0x00, 0x00, 0x00, 0x00, 0x00, 0x00,
    0x06, 0x30, 0x38, 0x2f, 0x30, 0x31, 0x2f, 0x00, 0x06, 0x30, 0x38, 0x2f, 0x30, 0x36, 0x2f, 0x00,
    0x06, 0x30, 0x38, 0x2f, 0x30, 0x32, 0x2f, 0x00, 0x06, 0x30, 0x38, 0x2f, 0x30, 0x33, 0x2f, 0x00,
    0x06, 0x30, 0x38, 0x2f, 0x31, 0x30, 0x2f, 0x00, 0x06, 0x30, 0x38, 0x2f, 0x31, 0x32, 0x2f, 0x00,
    0x06, 0x30, 0x38, 0x2f, 0x31, 0x31, 0x2f, 0x00, 0x04, 0x30, 0x38, 0x2f, 0x30, 0x00, 0x00, 0x00,
    0x04, 0x30, 0x38, 0x2f, 0x31, 0x00, 0x00, 0x00, 0x04, 0x30, 0x38, 0x2f, 0x32, 0x00, 0x00, 0x00,
    0x04, 0x30, 0x38, 0x2f, 0x33, 0x00, 0x00, 0x00, 0x04, 0x30, 0x38, 0x2d, 0x32, 0x00, 0x00, 0x00,
    0x04, 0x30, 0x38, 0x2d, 0x31, 0x00, 0x00, 0x00, 0x04, 0x30, 0x38, 0x2d, 0x30, 0x00, 0x00, 0x00,
    0x03, 0x30, 0x38, 0x2f, 0x00, 0x00, 0x00, 0x00, 0x03, 0x30, 0x38, 0x2d, 0x00, 0x00, 0x00, 0x00,
    0x03, 0x30, 0x38, 0x20, 0x00, 0x00, 0x00, 0x00, 0x03, 0x30, 0x20, 0x20, 0x00, 0x00, 0x00, 0x00,
    0x03, 0x30, 0x20, 0x32, 0x00, 0x00, 0x00, 0x00, 0x03, 0x30, 0x20, 0x31, 0x00, 0x00, 0x00, 0x00,
    0x03, 0x30, 0x20, 0x4a, 0x00, 0x00, 0x00, 0x00, 0x06, 0x30, 0x37, 0x2f, 0x30, 0x37, 0x2f, 0x00,
    0x06, 0x30, 0x37, 0x2f, 0x30, 0x38, 0x2f, 0x00, 0x06, 0x30, 0x37, 0x2f, 0x30, 0x39, 0x2f, 0x00,
    0x06, 0x30, 0x37, 0x2f, 0x30, 0x34, 0x2f, 0x00, 0x06, 0x30, 0x37, 0x2f, 0x30, 0x35, 0x2f, 0x00,
    0x00, 0x00, 0x00, 0x00, 0x00, 0x00, 0x00, 0x00, 0x06, 0x30, 0x37, 0x2f, 0x30, 0x36, 0x2f, 0x00,
    0x06, 0x30, 0x37, 0x2f, 0x30, 0x31, 0x2f, 0x00, 0x06, 0x30, 0x37, 0x2f, 0x30, 0x32, 0x2f, 0x00,
    0x06, 0x30, 0x37, 0x2f, 0x30, 0x33, 0x2f, 0x00, 0x06, 0x30, 0x37, 0x2f, 0x31, 0x30, 0x2f, 0x00,
    0x06, 0x30, 0x37, 0x2f, 0x31, 0x32, 0x2f, 0x00, 0x06, 0x30, 0x37, 0x2f, 0x31, 0x31, 0x2f, 0x00,
    0x04, 0x30, 0x37, 0x2f, 0x30, 0x00, 0x00, 0x00, 0x04, 0x30, 0x37, 0x2f, 0x31, 0x00, 0x00, 0x00,
    0x04, 0x30, 0x37, 0x2f, 0x32, 0x00, 0x00, 0x00, 0x04, 0x30, 0x37, 0x2f, 0x33, 0x00, 0x00, 0x00,
    0x04, 0x30, 0x37, 0x2d, 0x31, 0x00, 0x00, 0x00, 0x04, 0x30, 0x37, 0x2d, 0x32, 0x00, 0x00, 0x00,
    0x04, 0x30, 0x37, 0x2d, 0x30, 0x00, 0x00, 0x00, 0x03, 0x30, 0x37, 0x2f, 0x00, 0x00, 0x00, 0x00,
    0x03, 0x30, 0x37, 0x2d, 0x00, 0x00, 0x00, 0x00, 0x06, 0x30, 0x35, 0x2f, 0x30, 0x37, 0x2f, 0x00,
    0x06, 0x30, 0x35, 0x2f, 0x30, 0x38, 0x2f, 0x00, 0x06, 0x30, 0x35, 0x2f, 0x30, 0x39, 0x2f, 0x00,
    0x06, 0x30, 0x35, 0x2f, 0x30, 0x34, 0x2f, 0x00, 0x06, 0x30, 0x35, 0x2f, 0x30, 0x35, 0x2f, 0x00,
    0x00, 0x00, 0x00, 0x00, 0x00, 0x00, 0x00, 0x00, 0x06, 0x30, 0x35, 0x2f, 0x30, 0x36, 0x2f, 0x00,
    0x06, 0x30, 0x35, 0x2f, 0x30, 0x31, 0x2f, 0x00, 0x06, 0x30, 0x35, 0x2f, 0x30, 0x32, 0x2f, 0x00,
    0x06, 0x30, 0x35, 0x2f, 0x30, 0x33, 0x2f, 0x00, 0x06, 0x30, 0x35, 0x2f, 0x31, 0x30, 0x2f, 0x00,
    0x06, 0x30, 0x35, 0x2f, 0x31, 0x32, 0x2f, 0x00, 0x06, 0x30, 0x35, 0x2f, 0x31, 0x31, 0x2f, 0x00,
    0x04, 0x30, 0x35, 0x2f, 0x30, 0x00, 0x00, 0x00, 0x04, 0x30, 0x35, 0x2f, 0x31, 0x00, 0x00, 0x00,
    0x04, 0x30, 0x35, 0x2f, 0x32, 0x00, 0x00, 0x00, 0x04, 0x30, 0x35, 0x2f, 0x33, 0x00, 0x00, 0x00,
    0x04, 0x30, 0x35, 0x2d, 0x31, 0x00, 0x00, 0x00, 0x04, 0x30, 0x35, 0x2d, 0x32, 0x00, 0x00, 0x00,
    0x04, 0x30, 0x35, 0x2d, 0x30, 0x00, 0x00, 0x00, 0x03, 0x30, 0x35, 0x2f, 0x00, 0x00, 0x00, 0x00,
    0x03, 0x30, 0x35, 0x2d, 0x00, 0x00, 0x00, 0x00, 0x06, 0x30, 0x36, 0x2f, 0x30, 0x37, 0x2f, 0x00,
    0x06, 0x30, 0x36, 0x2f, 0x30, 0x38, 0x2f, 0x00, 0x06, 0x30, 0x36, 0x2f, 0x30, 0x39, 0x2f, 0x00,
    0x06, 0x30, 0x36, 0x2f, 0x30, 0x31, 0x2f, 0x00, 0x06, 0x30, 0x36, 0x2f, 0x30, 0x34, 0x2f, 0x00,
    0x00, 0x00, 0x00, 0x00, 0x00, 0x00, 0x00, 0x00, 0x06, 0x30, 0x36, 0x2f, 0x30, 0x35, 0x2f, 0x00,
    0x06, 0x30, 0x36, 0x2f, 0x30, 0x36, 0x2f, 0x00, 0x06, 0x30, 0x36, 0x2f, 0x30, 0x32, 0x2f, 0x00,
    0x06, 0x30, 0x36, 0x2f, 0x30, 0x33, 0x2f, 0x00, 0x06, 0x30, 0x36, 0x2f, 0x31, 0x32, 0x2f, 0x00,
    0x06, 0x30, 0x36, 0x2f, 0x31, 0x30, 0x2f, 0x00, 0x06, 0x30, 0x36, 0x2f, 0x31, 0x31, 0x2f, 0x00,
    0x06, 0x30, 0x36, 0x2f, 0x31, 0x39, 0x2f, 0x00, 0x06, 0x30, 0x36, 0x2f, 0x31, 0x38, 0x2f, 0x00,
    0x00, 0x00, 0x00, 0x00, 0x00, 0x00, 0x00, 0x00, 0x06, 0x30, 0x36, 0x2f, 0x31, 0x33, 0x2f, 0x00,
    0x06, 0x30, 0x36, 0x2f, 0x31, 0x34, 0x2f, 0x00, 0x06, 0x30, 0x36, 0x2f, 0x31, 0x35, 0x2f, 0x00,
    0x06, 0x30, 0x36, 0x2f, 0x31, 0x36, 0x2f, 0x00, 0x06, 0x30, 0x36, 0x2f, 0x31, 0x37, 0x2f, 0x00,
    0x06, 0x30, 0x36, 0x2f, 0x32, 0x30, 0x2f, 0x00, 0x06, 0x30, 0x36, 0x2f, 0x32, 0x31, 0x2f, 0x00,
    0x06, 0x30, 0x36, 0x2f, 0x32, 0x32, 0x2f, 0x00, 0x06, 0x30, 0x36, 0x2f, 0x32, 0x33, 0x2f, 0x00,
    0x06, 0x30, 0x36, 0x2f, 0x32, 0x34, 0x2f, 0x00, 0x04, 0x30, 0x36, 0x2f, 0x30, 0x00, 0x00, 0x00,
    0x04, 0x30, 0x36, 0x2f, 0x31, 0x00, 0x00, 0x00, 0x04, 0x30, 0x36, 0x2f, 0x32, 0x00, 0x00, 0x00,
    0x04, 0x30, 0x36, 0x2d, 0x31, 0x00, 0x00, 0x00, 0x04, 0x30, 0x36, 0x2d, 0x32, 0x00, 0x00, 0x00,
    0x04, 0x30, 0x36, 0x2d, 0x30, 0x00, 0x00, 0x00, 0x03, 0x30, 0x36, 0x2f, 0x00, 0x00, 0x00, 0x00,
    0x03, 0x30, 0x36, 0x2d, 0x00, 0x00, 0x00, 0x00, 0x06, 0x30, 0x33, 0x2f, 0x30, 0x37, 0x2f, 0x00,
    0x06, 0x30, 0x33, 0x2f, 0x30, 0x38, 0x2f, 0x00, 0x06, 0x30, 0x33, 0x2f, 0x30, 0x39, 0x2f, 0x00,
    0x06, 0x30, 0x33, 0x2f, 0x30, 0x34, 0x2f, 0x00, 0x06, 0x30, 0x33, 0x2f, 0x30, 0x35, 0x2f, 0x00,
    0x00, 0x00, 0x00, 0x00, 0x00, 0x00, 0x00, 0x00, 0x06, 0x30, 0x33, 0x2f, 0x30, 0x36, 0x2f, 0x00,
    0x06, 0x30, 0x33, 0x2f, 0x30, 0x31, 0x2f, 0x00, 0x06, 0x30, 0x33, 0x2f, 0x30, 0x32, 0x2f, 0x00,
    0x06, 0x30, 0x33, 0x2f, 0x30, 0x33, 0x2f, 0x00, 0x06, 0x30, 0x33, 0x2f, 0x31, 0x30, 0x2f, 0x00,
    0x06, 0x30, 0x33, 0x2f, 0x31, 0x32, 0x2f, 0x00, 0x06, 0x30, 0x33, 0x2f, 0x31, 0x31, 0x2f, 0x00,
    0x04, 0x30, 0x33, 0x2f, 0x30, 0x00, 0x00, 0x00, 0x04, 0x30, 0x33, 0x2f, 0x31, 0x00, 0x00, 0x00,
    0x04, 0x30, 0x33, 0x2f, 0x32, 0x00, 0x00, 0x00, 0x04, 0x30, 0x33, 0x2f, 0x33, 0x00, 0x00, 0x00,
    0x04, 0x30, 0x33, 0x2d, 0x32, 0x00, 0x00, 0x00, 0x04, 0x30, 0x33, 0x2d, 0x31, 0x00, 0x00, 0x00,
    0x04, 0x30, 0x33, 0x2d, 0x30, 0x00, 0x00, 0x00, 0x03, 0x30, 0x33, 0x2f, 0x00, 0x00, 0x00, 0x00,
    0x03, 0x30, 0x33, 0x2d, 0x00, 0x00, 0x00, 0x00, 0x03, 0x30, 0x2f, 0x32, 0x00, 0x00, 0x00, 0x00,
    0x05, 0x30, 0x2d, 0x32, 0x30, 0x31, 0x00, 0x00, 0x03, 0x30, 0x2d, 0x32, 0x00, 0x00, 0x00, 0x00,
    0x04, 0x30, 0x2e, 0x0a, 0x20, 0x00, 0x00, 0x00, 0x02, 0x30, 0x31, 0x00, 0x00, 0x00, 0x00, 0x00,
    0x02, 0x30, 0x30, 0x00, 0x00, 0x00, 0x00, 0x00, 0x02, 0x30, 0x39, 0x00, 0x00, 0x00, 0x00, 0x00,
    0x02, 0x30, 0x32, 0x00, 0x00, 0x00, 0x00, 0x00, 0x02, 0x30, 0x34, 0x00, 0x00, 0x00, 0x00, 0x00,
    0x2f, 0x2d, 0x2e, 0x27, 0x43, 0x00, 0x00, 0x00, 0x02, 0x30, 0x38, 0x00, 0x00, 0x00, 0x00, 0x00,
    0x02, 0x30, 0x20, 0x00, 0x00, 0x00, 0x00, 0x00, 0x02, 0x30, 0x37, 0x00, 0x00, 0x00, 0x00, 0x00,
    0x02, 0x30, 0x35, 0x00, 0x00, 0x00, 0x00, 0x00, 0x02, 0x30, 0x36, 0x00, 0x00, 0x00, 0x00, 0x00,
    0x02, 0x30, 0x33, 0x00, 0x00, 0x00, 0x00, 0x00, 0x02, 0x30, 0x2f, 0x00, 0x00, 0x00, 0x00, 0x00,
    0x02, 0x30, 0x2d, 0x00, 0x00, 0x00, 0x00, 0x00, 0x02, 0x30, 0x2e, 0x00, 0x00, 0x00, 0x00, 0x00,
    0x04, 0x30, 0x27, 0x2c, 0x43, 0x00, 0x00, 0x00, 0x03, 0x30, 0x43, 0x20, 0x00, 0x00, 0x00, 0x00,
    0x07, 0x31, 0x31, 0x2f, 0x30, 0x37, 0x2f, 0x31, 0x07, 0x31, 0x31, 0x2f, 0x30, 0x31, 0x2f, 0x31,
    0x07, 0x31, 0x31, 0x2f, 0x30, 0x35, 0x2f, 0x31, 0x07, 0x31, 0x31, 0x2f, 0x30, 0x34, 0x2f, 0x31,
    0x06, 0x31, 0x31, 0x2f, 0x30, 0x37, 0x2f, 0x00, 0x06, 0x31, 0x31, 0x2f, 0x30, 0x31, 0x2f, 0x00,
    0x06, 0x31, 0x31, 0x2f, 0x30, 0x35, 0x2f, 0x00, 0x06, 0x31, 0x31, 0x2f, 0x30, 0x34, 0x2f, 0x00,
    0x06, 0x31, 0x31, 0x2f, 0x30, 0x36, 0x2f, 0x00, 0x00, 0x00, 0x00, 0x00, 0x00, 0x00, 0x00, 0x00,
    0x06, 0x31, 0x31, 0x2f, 0x30, 0x39, 0x2f, 0x00, 0x06, 0x31, 0x31, 0x2f, 0x30, 0x33, 0x2f, 0x00,
    0x06, 0x31, 0x31, 0x2f, 0x30, 0x32, 0x2f, 0x00, 0x06, 0x31, 0x31, 0x2f, 0x30, 0x38, 0x2f, 0x00,
    0x06, 0x31, 0x31, 0x2f, 0x31, 0x31, 0x2f, 0x00, 0x06, 0x31, 0x31, 0x2f, 0x31, 0x30, 0x2f, 0x00,
    0x06, 0x31, 0x31, 0x2f, 0x31, 0x32, 0x2f, 0x00, 0x04, 0x31, 0x31, 0x2f, 0x30, 0x00, 0x00, 0x00,
    0x04, 0x31, 0x31, 0x2f, 0x31, 0x00, 0x00, 0x00, 0x04, 0x31, 0x31, 0x2f, 0x32, 0x00, 0x00, 0x00,
    0x04, 0x31, 0x31, 0x20, 0x4a, 0x00, 0x00, 0x00, 0x04, 0x31, 0x31, 0x20, 0x41, 0x00, 0x00, 0x00,
    0x05, 0x31, 0x31, 0x20, 0x4d, 0x61, 0x00, 0x00, 0x04, 0x31, 0x31, 0x2d, 0x32, 0x00, 0x00, 0x00,
    0x04, 0x31, 0x31, 0x2d, 0x31, 0x00, 0x00, 0x00, 0x04, 0x31, 0x31, 0x2d, 0x30, 0x00, 0x00, 0x00,
    0x03, 0x31, 0x31, 0x2f, 0x00, 0x00, 0x00, 0x00, 0x03, 0x31, 0x31, 0x20, 0x00, 0x00, 0x00, 0x00,
    0x03, 0x31, 0x31, 0x2d, 0x00, 0x00, 0x00, 0x00, 0x04, 0x31, 0x31, 0x2c, 0x20, 0x00, 0x00, 0x00,
    0x07, 0x31, 0x30, 0x2f, 0x30, 0x35, 0x2f, 0x31, 0x07, 0x31, 0x30, 0x2f, 0x30, 0x34, 0x2f, 0x31,
    0x07, 0x31, 0x30, 0x2f, 0x30, 0x36, 0x2f, 0x31, 0x05, 0x31, 0x30, 0x2f, 0x30, 0x35, 0x00, 0x00,
    0x05, 0x31, 0x30, 0x2f, 0x30, 0x34, 0x00, 0x00, 0x06, 0x31, 0x30, 0x2f, 0x30, 0x37, 0x2f, 0x00,
    0x05, 0x31, 0x30, 0x2f, 0x30, 0x36, 0x00, 0x00, 0x06, 0x31, 0x30, 0x2f, 0x30, 0x39, 0x2f, 0x00,
    0x00, 0x00, 0x00, 0x00, 0x00, 0x00, 0x00, 0x00, 0x06, 0x31, 0x30, 0x2f, 0x30, 0x38, 0x2f, 0x00,
    0x06, 0x31, 0x30, 0x2f, 0x30, 0x33, 0x2f, 0x00, 0x06, 0x31, 0x30, 0x2f, 0x30, 0x31, 0x2f, 0x00,
    0x07, 0x31, 0x30, 0x2f, 0x31, 0x31, 0x2f, 0x31, 0x06, 0x31, 0x30, 0x2f, 0x31, 0x30, 0x2f, 0x00,
    0x06, 0x31, 0x30, 0x2f, 0x31, 0x31, 0x2f, 0x00, 0x06, 0x31, 0x30, 0x2f, 0x31, 0x32, 0x2f, 0x00,
    0x06, 0x31, 0x30, 0x2f, 0x32, 0x35, 0x2f, 0x00, 0x06, 0x31, 0x30, 0x2f, 0x32, 0x37, 0x2f, 0x00,
    0x06, 0x31, 0x30, 0x2f, 0x32, 0x34, 0x2f, 0x00, 0x06, 0x31, 0x30, 0x2f, 0x33, 0x31, 0x2f, 0x00,
    0x04, 0x31, 0x30, 0x2f, 0x30, 0x00, 0x00, 0x00, 0x04, 0x31, 0x30, 0x2f, 0x31, 0x00, 0x00, 0x00,
    0x04, 0x31, 0x30, 0x2f, 0x32, 0x00, 0x00, 0x00, 0x04, 0x31, 0x30, 0x2f, 0x33, 0x00, 0x00, 0x00,
    0x05, 0x31, 0x30, 0x20, 0x4d, 0x61, 0x00, 0x00, 0x04, 0x31, 0x30, 0x20, 0x4a, 0x00, 0x00, 0x00,
    0x04, 0x31, 0x30, 0x2d, 0x31, 0x00, 0x00, 0x00, 0x04, 0x31, 0x30, 0x2d, 0x32, 0x00, 0x00, 0x00,
    0x04, 0x31, 0x30, 0x2d, 0x30, 0x00, 0x00, 0x00, 0x04, 0x31, 0x30, 0x2d, 0x33, 0x00, 0x00, 0x00,
    0x03, 0x31, 0x30, 0x2f, 0x00, 0x00, 0x00, 0x00, 0x03, 0x31, 0x30, 0x20, 0x00, 0x00, 0x00, 0x00,
    0x03, 0x31, 0x30, 0x2d, 0x00, 0x00, 0x00, 0x00, 0x04, 0x31, 0x30, 0x2c, 0x20, 0x00, 0x00, 0x00,
    0x07, 0x31, 0x32, 0x2f, 0x30, 0x37, 0x2f, 0x31, 0x07, 0x31, 0x32, 0x2f, 0x30, 0x35, 0x2f, 0x31,
    0x07, 0x31, 0x32, 0x2f, 0x30, 0x31, 0x2f, 0x31, 0x07, 0x31, 0x32, 0x2f, 0x30, 0x34, 0x2f, 0x31,
    0x06, 0x31, 0x32, 0x2f, 0x30, 0x37, 0x2f, 0x00, 0x06, 0x31, 0x32, 0x2f, 0x30, 0x35, 0x2f, 0x00,
    0x06, 0x31, 0x32, 0x2f, 0x30, 0x31, 0x2f, 0x00, 0x06, 0x31, 0x32, 0x2f, 0x30, 0x34, 0x2f, 0x00,
    0x06, 0x31, 0x32, 0x2f, 0x30, 0x39, 0x2f, 0x00, 0x00, 0x00, 0x00, 0x00, 0x00, 0x00, 0x00, 0x00,
    0x06, 0x31, 0x32, 0x2f, 0x30, 0x38, 0x2f, 0x00, 0x06, 0x31, 0x32, 0x2f, 0x30, 0x32, 0x2f, 0x00,
    0x06, 0x31, 0x32, 0x2f, 0x30, 0x33, 0x2f, 0x00, 0x06, 0x31, 0x32, 0x2f, 0x30, 0x36, 0x2f, 0x00,
    0x06, 0x31, 0x32, 0x2f, 0x31, 0x31, 0x2f, 0x00, 0x06, 0x31, 0x32, 0x2f, 0x31, 0x30, 0x2f, 0x00,
    0x06, 0x31, 0x32, 0x2f, 0x31, 0x32, 0x2f, 0x00, 0x04, 0x31, 0x32, 0x2f, 0x30, 0x00, 0x00, 0x00,
    0x04, 0x31, 0x32, 0x2f, 0x31, 0x00, 0x00, 0x00, 0x04, 0x31, 0x32, 0x2f, 0x32, 0x00, 0x00, 0x00,
    0x04, 0x31, 0x32, 0x2f, 0x33, 0x00, 0x00, 0x00, 0x04, 0x31, 0x32, 0x20, 0x4a, 0x00, 0x00, 0x00,
    0x04, 0x31, 0x32, 0x20, 0x41, 0x00, 0x00, 0x00, 0x05, 0x31, 0x32, 0x20, 0x4d, 0x61, 0x00, 0x00,
    0x04, 0x31, 0x32, 0x2d, 0x32, 0x00, 0x00, 0x00, 0x04, 0x31, 0x32, 0x2d, 0x31, 0x00, 0x00, 0x00,
    0x04, 0x31, 0x32, 0x2d, 0x30, 0x00, 0x00, 0x00, 0x04, 0x31, 0x32, 0x2d, 0x33, 0x00, 0x00, 0x00,
    0x03, 0x31, 0x32, 0x2f, 0x00, 0x00, 0x00, 0x00, 0x03, 0x31, 0x32, 0x20, 0x00, 0x00, 0x00, 0x00,
    0x03, 0x31, 0x32, 0x2d, 0x00, 0x00, 0x00, 0x00, 0x04, 0x31, 0x32, 0x2c, 0x20, 0x00, 0x00, 0x00,
    0x04, 0x31, 0x20, 0x4a, 0x75, 0x00, 0x00, 0x00, 0x03, 0x31, 0x20, 0x20, 0x00, 0x00, 0x00, 0x00,
    0x03, 0x31, 0x20, 0x4a, 0x00, 0x00, 0x00, 0x00, 0x04, 0x31, 0x20, 0x4d, 0x61, 0x00, 0x00, 0x00,
    0x03, 0x31, 0x20, 0x41, 0x00, 0x00, 0x00, 0x00, 0x06, 0x31, 0x39, 0x2f, 0x31, 0x32, 0x2f, 0x00,
    0x06, 0x31, 0x39, 0x2f, 0x31, 0x31, 0x2f, 0x00, 0x04, 0x31, 0x39, 0x2f, 0x30, 0x00, 0x00, 0x00,
    0x04, 0x31, 0x39, 0x2f, 0x31, 0x00, 0x00, 0x00, 0x07, 0x31, 0x39, 0x37, 0x39, 0x37, 0x39, 0x33,
    0x03, 0x31, 0x39, 0x20, 0x00, 0x00, 0x00, 0x00, 0x03, 0x31, 0x39, 0x2f, 0x00, 0x00, 0x00, 0x00,
    0x04, 0x31, 0x39, 0x2c, 0x20, 0x00, 0x00, 0x00, 0x03, 0x31, 0x39, 0x37, 0x00, 0x00, 0x00, 0x00,
    0x04, 0x31, 0x36, 0x20, 0x32, 0x00, 0x00, 0x00, 0x04, 0x31, 0x36, 0x20, 0x31, 0x00, 0x00, 0x00,
    0x06, 0x31, 0x36, 0x2f, 0x30, 0x37, 0x2f, 0x00, 0x06, 0x31, 0x36, 0x2f, 0x30, 0x35, 0x2f, 0x00,
    0x06, 0x31, 0x36, 0x2f, 0x30, 0x31, 0x2f, 0x00, 0x06, 0x31, 0x36, 0x2f, 0x30, 0x36, 0x2f, 0x00,
    0x06, 0x31, 0x36, 0x2f, 0x30, 0x38, 0x2f, 0x00, 0x00, 0x00, 0x00, 0x00, 0x00, 0x00, 0x00, 0x00,
    0x06, 0x31, 0x36, 0x2f, 0x30, 0x39, 0x2f, 0x00, 0x06, 0x31, 0x36, 0x2f, 0x30, 0x33, 0x2f, 0x00,
    0x06, 0x31, 0x36, 0x2f, 0x30, 0x34, 0x2f, 0x00, 0x06, 0x31, 0x36, 0x2f, 0x30, 0x32, 0x2f, 0x00,
    0x06, 0x31, 0x36, 0x2f, 0x31, 0x30, 0x2f, 0x00, 0x06, 0x31, 0x36, 0x2f, 0x31, 0x31, 0x2f, 0x00,
    0x04, 0x31, 0x36, 0x2f, 0x30, 0x00, 0x00, 0x00, 0x04, 0x31, 0x36, 0x2f, 0x31, 0x00, 0x00, 0x00,
    0x03, 0x31, 0x36, 0x20, 0x00, 0x00, 0x00, 0x00, 0x03, 0x31, 0x36, 0x2f, 0x00, 0x00, 0x00, 0x00,
    0x04, 0x31, 0x36, 0x2c, 0x20, 0x00, 0x00, 0x00, 0x04, 0x31, 0x37, 0x20, 0x32, 0x00, 0x00, 0x00,
    0x06, 0x31, 0x37, 0x2f, 0x30, 0x37, 0x2f, 0x00, 0x06, 0x31, 0x37, 0x2f, 0x30, 0x38, 0x2f, 0x00,
    0x06, 0x31, 0x37, 0x2f, 0x30, 0x39, 0x2f, 0x00, 0x06, 0x31, 0x37, 0x2f, 0x30, 0x36, 0x2f, 0x00,
    0x06, 0x31, 0x37, 0x2f, 0x31, 0x30, 0x2f, 0x00, 0x06, 0x31, 0x37, 0x2f, 0x31, 0x32, 0x2f, 0x00,
    0x06, 0x31, 0x37, 0x2f, 0x31, 0x31, 0x2f, 0x00, 0x04, 0x31, 0x37, 0x2f, 0x30, 0x00, 0x00, 0x00,
    0x04, 0x31, 0x37, 0x2f, 0x31, 0x00, 0x00, 0x00, 0x03, 0x31, 0x37, 0x20, 0x00, 0x00, 0x00, 0x00,
    0x03, 0x31, 0x37, 0x2f, 0x00, 0x00, 0x00, 0x00, 0x04, 0x31, 0x37, 0x2c, 0x20, 0x00, 0x00, 0x00,
    0x04, 0x31, 0x35, 0x20, 0x32, 0x00, 0x00, 0x00, 0x04, 0x31, 0x35, 0x20, 0x31, 0x00, 0x00, 0x00,
    0x06, 0x31, 0x35, 0x2f, 0x30, 0x39, 0x2f, 0x00, 0x06, 0x31, 0x35, 0x2f, 0x31, 0x30, 0x2f, 0x00,
    0x06, 0x31, 0x35, 0x2f, 0x31, 0x32, 0x2f, 0x00, 0x06, 0x31, 0x35, 0x2f, 0x31, 0x31, 0x2f, 0x00,
    0x04, 0x31, 0x35, 0x2f, 0x30, 0x00, 0x00, 0x00, 0x04, 0x31, 0x35, 0x2f, 0x31, 0x00, 0x00, 0x00,
    0x03, 0x31, 0x35, 0x20, 0x00, 0x00, 0x00, 0x00, 0x03, 0x31, 0x35, 0x2f, 0x00, 0x00, 0x00, 0x00,
    0x04, 0x31, 0x35, 0x2c, 0x20, 0x00, 0x00, 0x00, 0x04, 0x31, 0x33, 0x20, 0x32, 0x00, 0x00, 0x00,
    0x04, 0x31, 0x33, 0x20, 0x31, 0x00, 0x00, 0x00, 0x06, 0x31, 0x33, 0x2f, 0x30, 0x37, 0x2f, 0x00,
    0x06, 0x31, 0x33, 0x2f, 0x30, 0x35, 0x2f, 0x00, 0x06, 0x31, 0x33, 0x2f, 0x30, 0x38, 0x2f, 0x00,
    0x06, 0x31, 0x33, 0x2f, 0x30, 0x36, 0x2f, 0x00, 0x06, 0x31, 0x33, 0x2f, 0x30, 0x39, 0x2f, 0x00,
    0x00, 0x00, 0x00, 0x00, 0x00, 0x00, 0x00, 0x00, 0x06, 0x31, 0x33, 0x2f, 0x30, 0x34, 0x2f, 0x00,
    0x06, 0x31, 0x33, 0x2f, 0x30, 0x33, 0x2f, 0x00, 0x06, 0x31, 0x33, 0x2f, 0x31, 0x30, 0x2f, 0x00,
    0x04, 0x31, 0x33, 0x2f, 0x30, 0x00, 0x00, 0x00, 0x04, 0x31, 0x33, 0x2f, 0x31, 0x00, 0x00, 0x00,
    0x03, 0x31, 0x33, 0x20, 0x00, 0x00, 0x00, 0x00, 0x03, 0x31, 0x33, 0x2f, 0x00, 0x00, 0x00, 0x00,
    0x04, 0x31, 0x33, 0x2c, 0x20, 0x00, 0x00, 0x00, 0x05, 0x31, 0x2f, 0x31, 0x30, 0x20, 0x00, 0x00,
    0x04, 0x31, 0x34, 0x20, 0x32, 0x00, 0x00, 0x00, 0x04, 0x31, 0x34, 0x20, 0x31, 0x00, 0x00, 0x00,
    0x06, 0x31, 0x34, 0x2f, 0x30, 0x36, 0x2f, 0x00, 0x04, 0x31, 0x34, 0x2f, 0x30, 0x00, 0x00, 0x00,
    0x04, 0x31, 0x34, 0x2f, 0x31, 0x00, 0x00, 0x00, 0x03, 0x31, 0x34, 0x20, 0x00, 0x00, 0x00, 0x00,
    0x03, 0x31, 0x34, 0x2f, 0x00, 0x00, 0x00, 0x00, 0x04, 0x31, 0x34, 0x2c, 0x20, 0x00, 0x00, 0x00,
    0x04, 0x31, 0x38, 0x20, 0x32, 0x00, 0x00, 0x00, 0x04, 0x31, 0x38, 0x20, 0x31, 0x00, 0x00, 0x00,
    0x04, 0x31, 0x38, 0x20, 0x4a, 0x00, 0x00, 0x00, 0x06, 0x31, 0x38, 0x2f, 0x30, 0x31, 0x2f, 0x00,
    0x04, 0x31, 0x38, 0x2f, 0x31, 0x00, 0x00, 0x00, 0x04, 0x31, 0x38, 0x2f, 0x30, 0x00, 0x00, 0x00,
    0x03, 0x31, 0x38, 0x20, 0x00, 0x00, 0x00, 0x00, 0x03, 0x31, 0x38, 0x2f, 0x00, 0x00, 0x00, 0x00,
    0x04, 0x31, 0x38, 0x2c, 0x20, 0x00, 0x00, 0x00, 0x02, 0x31, 0x31, 0x00, 0x00, 0x00, 0x00, 0x00,
    0x02, 0x31, 0x30, 0x00, 0x00, 0x00, 0x00, 0x00, 0x02, 0x31, 0x32, 0x00, 0x00, 0x00, 0x00, 0x00,
    0x02, 0x31, 0x20, 0x00, 0x00, 0x00, 0x00, 0x00, 0x02, 0x31, 0x39, 0x00, 0x00, 0x00, 0x00, 0x00,
    0x38, 0x2e, 0x2c, 0x2d, 0x00, 0x00, 0x00, 0x00, 0x02, 0x31, 0x36, 0x00, 0x00, 0x00, 0x00, 0x00,
    0x02, 0x31, 0x37, 0x00, 0x00, 0x00, 0x00, 0x00, 0x02, 0x31, 0x35, 0x00, 0x00, 0x00, 0x00, 0x00,
    0x02, 0x31, 0x33, 0x00, 0x00, 0x00, 0x00, 0x00, 0x02, 0x31, 0x2f, 0x00, 0x00, 0x00, 0x00, 0x00,
    0x02, 0x31, 0x34, 0x00, 0x00, 0x00, 0x00, 0x00, 0x02, 0x31, 0x38, 0x00, 0x00, 0x00, 0x00, 0x00,
    0x02, 0x31, 0x2e, 0x00, 0x00, 0x00, 0x00, 0x00, 0x03, 0x31, 0x2c, 0x20, 0x00, 0x00, 0x00, 0x00,
    0x03, 0x31, 0x2d, 0x30, 0x00, 0x00, 0x00, 0x00, 0x06, 0x32, 0x30, 0x31, 0x32, 0x2d, 0x30, 0x00,
    0x07, 0x32, 0x30, 0x31, 0x32, 0x2d, 0x33, 0x2d, 0x07, 0x32, 0x30, 0x31, 0x32, 0x2d, 0x35, 0x2d,
    0x07, 0x32, 0x30, 0x31, 0x32, 0x2d, 0x37, 0x2d, 0x07, 0x32, 0x30, 0x31, 0x32, 0x2d, 0x31, 0x2d,
    0x00, 0x00, 0x00, 0x00, 0x00, 0x00, 0x00, 0x00, 0x07, 0x32, 0x30, 0x31, 0x32, 0x2d, 0x34, 0x2d,
    0x07, 0x32, 0x30, 0x31, 0x32, 0x2d, 0x36, 0x2d, 0x07, 0x32, 0x30, 0x31, 0x32, 0x2d, 0x32, 0x2d,
    0x06, 0x32, 0x30, 0x31, 0x32, 0x2f, 0x30, 0x00, 0x07, 0x32, 0x30, 0x31, 0x32, 0x2f, 0x33, 0x2f,
    0x07, 0x32, 0x30, 0x31, 0x32, 0x2f, 0x35, 0x2f, 0x07, 0x32, 0x30, 0x31, 0x32, 0x2f, 0x37, 0x2f,
    0x07, 0x32, 0x30, 0x31, 0x32, 0x2f, 0x34, 0x2f, 0x00, 0x00, 0x00, 0x00, 0x00, 0x00, 0x00, 0x00,
    0x07, 0x32, 0x30, 0x31, 0x32, 0x2f, 0x36, 0x2f, 0x23, 0xcd, 0x33, 0x00, 0x00, 0x00, 0x00, 0x0a,
    0x23, 0xcd, 0x35, 0x00, 0x00, 0x00, 0x00, 0x0a, 0x23, 0xcd, 0x37, 0x00, 0x00, 0x00, 0x00, 0x0a,
    0x23, 0xcd, 0x38, 0x00, 0x00, 0x00, 0x00, 0x0a, 0x00, 0x00, 0x00, 0x00, 0x00, 0x00, 0x00, 0x00,
    0x23, 0xcd, 0x34, 0x00, 0x00, 0x00, 0x00, 0x0a, 0x23, 0xcd, 0x36, 0x00, 0x00, 0x00, 0x00, 0x0a,
    0x23, 0xcd, 0x32, 0x00, 0x00, 0x00, 0x00, 0x0a, 0x43, 0xd1, 0x32, 0x30, 0x00, 0x00, 0x00, 0x08,
    0x05, 0x32, 0x30, 0x31, 0x32, 0x20, 0x00, 0x00, 0x05, 0x32, 0x30, 0x31, 0x32, 0x2d, 0x00, 0x00,
    0x05, 0x32, 0x30, 0x31, 0x32, 0x2f, 0x00, 0x00, 0x84, 0x87, 0x0a, 0x32, 0x30, 0x31, 0x00, 0x04,
    0x06, 0x32, 0x30, 0x31, 0x31, 0x2d, 0x30, 0x00, 0x07, 0x32, 0x30, 0x31, 0x31, 0x2d, 0x35, 0x2d,
    0x07, 0x32, 0x30, 0x31, 0x31, 0x2d, 0x34, 0x2d, 0x06, 0x32, 0x30, 0x31, 0x31, 0x2f, 0x30, 0x00,
    0x07, 0x32, 0x30, 0x31, 0x31, 0x2f, 0x33, 0x2f, 0x07, 0x32, 0x30, 0x31, 0x31, 0x2f, 0x35, 0x2f,
    0x07, 0x32, 0x30, 0x31, 0x31, 0x2f, 0x31, 0x2f, 0x07, 0x32, 0x30, 0x31, 0x31, 0x2f, 0x34, 0x2f,
    0x23, 0xe0, 0x33, 0x00, 0x00, 0x00, 0x00, 0x0a, 0x23, 0xe0, 0x35, 0x00, 0x00, 0x00, 0x00, 0x0a,
    0x23, 0xe0, 0x34, 0x00, 0x00, 0x00, 0x00, 0x0a, 0x23, 0xe0, 0x31, 0x00, 0x00, 0x00, 0x00, 0x0a,
    0x00, 0x00, 0x00, 0x00, 0x00, 0x00, 0x00, 0x00, 0x23, 0xe0, 0x32, 0x00, 0x00, 0x00, 0x00, 0x0a,
    0x43, 0xe4, 0x31, 0x30, 0x00, 0x00, 0x00, 0x08, 0x05, 0x32, 0x30, 0x31, 0x31, 0x20, 0x00, 0x00,
    0x05, 0x32, 0x30, 0x31, 0x31, 0x2d, 0x00, 0x00, 0x05, 0x32, 0x30, 0x31, 0x31, 0x2f, 0x00, 0x00,
    0x84, 0x88, 0x0a, 0x32, 0x30, 0x31, 0x00, 0x04, 0x43, 0xe8, 0x30, 0x2d, 0x00, 0x00, 0x00, 0x06,
    0x07, 0x32, 0x30, 0x31, 0x36, 0x2d, 0x31, 0x2d, 0x06, 0x32, 0x30, 0x31, 0x36, 0x2d, 0x30, 0x00,
    0x06, 0x32, 0x30, 0x31, 0x36, 0x2d, 0x31, 0x00, 0x07, 0x32, 0x30, 0x31, 0x36, 0x2d, 0x33, 0x2d,
    0x07, 0x32, 0x30, 0x31, 0x36, 0x2d, 0x38, 0x2d, 0x07, 0x32, 0x30, 0x31, 0x36, 0x2d, 0x35, 0x2d,
    0x00, 0x00, 0x00, 0x00, 0x00, 0x00, 0x00, 0x00, 0x07, 0x32, 0x30, 0x31, 0x36, 0x2d, 0x34, 0x2d,
    0x07, 0x32, 0x30, 0x31, 0x36, 0x2d, 0x32, 0x2d, 0x07, 0x32, 0x30, 0x31, 0x36, 0x2d, 0x39, 0x2d,
    0x07, 0x32, 0x30, 0x31, 0x36, 0x2d, 0x36, 0x2d, 0x43, 0xf4, 0x30, 0x2f, 0x00, 0x00, 0x00, 0x06,
    0x07, 0x32, 0x30, 0x31, 0x36, 0x2f, 0x31, 0x2f, 0x06, 0x32, 0x30, 0x31, 0x36, 0x2f, 0x30, 0x00,
    0x06, 0x32, 0x30, 0x31, 0x36, 0x2f, 0x31, 0x00, 0x07, 0x32, 0x30, 0x31, 0x36, 0x2f, 0x33, 0x2f,
    0x07, 0x32, 0x30, 0x31, 0x36, 0x2f, 0x35, 0x2f, 0x07, 0x32, 0x30, 0x31, 0x36, 0x2f, 0x37, 0x2f,
    0x00, 0x00, 0x00, 0x00, 0x00, 0x00, 0x00, 0x00, 0x07, 0x32, 0x30, 0x31, 0x36, 0x2f, 0x38, 0x2f,
    0x07, 0x32, 0x30, 0x31, 0x36, 0x2f, 0x36, 0x2f, 0x07, 0x32, 0x30, 0x31, 0x36, 0x2f, 0x39, 0x2f,
    0x07, 0x32, 0x30, 0x31, 0x36, 0x2f, 0x34, 0x2f, 0x84, 0x0e, 0x31, 0x36, 0x30, 0x33, 0x00, 0x07,
    0x84, 0x0e, 0x31, 0x36, 0x30, 0x35, 0x00, 0x07, 0x84, 0x0e, 0x31, 0x36, 0x30, 0x37, 0x00, 0x07,
    0x84, 0x0e, 0x31, 0x36, 0x30, 0x38, 0x00, 0x07, 0x84, 0x0e, 0x31, 0x36, 0x30, 0x36, 0x00, 0x07,
    0x00, 0x00, 0x00, 0x00, 0x00, 0x00, 0x00, 0x00, 0x84, 0x0e, 0x31, 0x36, 0x30, 0x39, 0x00, 0x07,
    0x84, 0x0e, 0x31, 0x36, 0x30, 0x31, 0x00, 0x07, 0x84, 0x0e, 0x31, 0x36, 0x30, 0x34, 0x00, 0x07,
    0x84, 0x0e, 0x31, 0x36, 0x30, 0x32, 0x00, 0x07, 0x84, 0x0e, 0x31, 0x36, 0x31, 0x30, 0x00, 0x07,
    0x64, 0x0e, 0x31, 0x36, 0x30, 0x00, 0x00, 0x07, 0x64, 0x0e, 0x31, 0x36, 0x31, 0x00, 0x00, 0x07,
    0x44, 0x0e, 0x31, 0x36, 0x00, 0x00, 0x00, 0x07, 0x05, 0x32, 0x30, 0x31, 0x36, 0x20, 0x00, 0x00,
    0x05, 0x32, 0x30, 0x31, 0x36, 0x2d, 0x00, 0x00, 0x05, 0x32, 0x30, 0x31, 0x36, 0x2f, 0x00, 0x00,
    0x07, 0x32, 0x30, 0x31, 0x36, 0x0a, 0x32, 0x30, 0x44, 0x12, 0x30, 0x2d, 0x00, 0x00, 0x00, 0x06,
    0x44, 0x12, 0x32, 0x2d, 0x00, 0x00, 0x00, 0x06, 0x44, 0x12, 0x31, 0x2d, 0x00, 0x00, 0x00, 0x06,
    0x06, 0x32, 0x30, 0x31, 0x35, 0x2d, 0x31, 0x00, 0x06, 0x32, 0x30, 0x31, 0x35, 0x2d, 0x30, 0x00,
    0x07, 0x32, 0x30, 0x31, 0x35, 0x2d, 0x39, 0x2d, 0x44, 0x18, 0x32, 0x2f, 0x00, 0x00, 0x00, 0x06,
    0x44, 0x18, 0x30, 0x2f, 0x00, 0x00, 0x00, 0x06, 0x44, 0x18, 0x31, 0x2f, 0x00, 0x00, 0x00, 0x06,
    0x06, 0x32, 0x30, 0x31, 0x35, 0x2f, 0x31, 0x00, 0x06, 0x32, 0x30, 0x31, 0x35, 0x2f, 0x30, 0x00,
    0x07, 0x32, 0x30, 0x31, 0x35, 0x2f, 0x39, 0x2f, 0x84, 0x24, 0x31, 0x35, 0x31, 0x32, 0x00, 0x07,
    0x84, 0x24, 0x31, 0x35, 0x31, 0x30, 0x00, 0x07, 0x84, 0x24, 0x31, 0x35, 0x31, 0x31, 0x00, 0x07,
    0x64, 0x24, 0x31, 0x35, 0x31, 0x00, 0x00, 0x07, 0x84, 0x24, 0x31, 0x35, 0x30, 0x39, 0x00, 0x07,
    0x44, 0x24, 0x31, 0x35, 0x00, 0x00, 0x00, 0x07, 0x05, 0x32, 0x30, 0x31, 0x35, 0x20, 0x00, 0x00,
    0x05, 0x32, 0x30, 0x31, 0x35, 0x2d, 0x00, 0x00, 0x05, 0x32, 0x30, 0x31, 0x35, 0x2f, 0x00, 0x00,
    0x07, 0x32, 0x30, 0x31, 0x35, 0x0a, 0x32, 0x30, 0x84, 0x2a, 0x31, 0x39, 0x31, 0x32, 0x00, 0x07,
    0x44, 0x2a, 0x31, 0x39, 0x00, 0x00, 0x00, 0x07, 0x44, 0x2b, 0x32, 0x2d, 0x00, 0x00, 0x00, 0x06,
    0x44, 0x2c, 0x32, 0x2f, 0x00, 0x00, 0x00, 0x06, 0x05, 0x32, 0x30, 0x31, 0x39, 0x20, 0x00, 0x00,
    0x07, 0x32, 0x30, 0x31, 0x39, 0x0a, 0x32, 0x30, 0x06, 0x32, 0x30, 0x31, 0x39, 0x2d, 0x31, 0x00,
    0x06, 0x32, 0x30, 0x31, 0x39, 0x2f, 0x31, 0x00, 0x44, 0x31, 0x30, 0x2d, 0x00, 0x00, 0x00, 0x06,
    0x44, 0x31, 0x31, 0x2d, 0x00, 0x00, 0x00, 0x06, 0x44, 0x31, 0x32, 0x2d, 0x00, 0x00, 0x00, 0x06,
    0x06, 0x32, 0x30, 0x31, 0x37, 0x2d, 0x30, 0x00, 0x06, 0x32, 0x30, 0x31, 0x37, 0x2d, 0x31, 0x00,
    0x07, 0x32, 0x30, 0x31, 0x37, 0x2d, 0x38, 0x2d, 0x07, 0x32, 0x30, 0x31, 0x37, 0x2d, 0x39, 0x2d,
    0x07, 0x32, 0x30, 0x31, 0x37, 0x2d, 0x36, 0x2d, 0x44, 0x39, 0x32, 0x2f, 0x00, 0x00, 0x00, 0x06,
    0x44, 0x39, 0x30, 0x2f, 0x00, 0x00, 0x00, 0x06, 0x44, 0x39, 0x31, 0x2f, 0x00, 0x00, 0x00, 0x06,
    0x06, 0x32, 0x30, 0x31, 0x37, 0x2f, 0x30, 0x00, 0x06, 0x32, 0x30, 0x31, 0x37, 0x2f, 0x31, 0x00,
    0x07, 0x32, 0x30, 0x31, 0x37, 0x2f, 0x37, 0x2f, 0x07, 0x32, 0x30, 0x31, 0x37, 0x2f, 0x38, 0x2f,
    0x07, 0x32, 0x30, 0x31, 0x37, 0x2f, 0x39, 0x2f, 0xa4, 0x4a, 0x30, 0x31, 0x37, 0x30, 0x37, 0x06,
    0xa4, 0x4a, 0x30, 0x31, 0x37, 0x30, 0x38, 0x06, 0xa4, 0x4a, 0x30, 0x31, 0x37, 0x30, 0x39, 0x06,
    0xa4, 0x4a, 0x30, 0x31, 0x37, 0x31, 0x32, 0x06, 0xa4, 0x4a, 0x30, 0x31, 0x37, 0x31, 0x30, 0x06,
    0xa4, 0x4a, 0x30, 0x31, 0x37, 0x31, 0x31, 0x06, 0x84, 0x4a, 0x30, 0x31, 0x37, 0x30, 0x00, 0x06,
    0x84, 0x4a, 0x30, 0x31, 0x37, 0x31, 0x00, 0x06, 0x64, 0x4a, 0x30, 0x31, 0x37, 0x00, 0x00, 0x06,
    0x44, 0x4a, 0x30, 0x31, 0x00, 0x00, 0x00, 0x06, 0x05, 0x32, 0x30, 0x31, 0x37, 0x20, 0x00, 0x00,
    0x05, 0x32, 0x30, 0x31, 0x37, 0x2d, 0x00, 0x00, 0x05, 0x32, 0x30, 0x31, 0x37, 0x2f, 0x00, 0x00,
    0x06, 0x32, 0x30, 0x31, 0x37, 0x0a, 0x32, 0x00, 0x06, 0x32, 0x30, 0x31, 0x33, 0x2d, 0x30, 0x00,
    0x07, 0x32, 0x30, 0x31, 0x33, 0x2d, 0x37, 0x2d, 0x07, 0x32, 0x30, 0x31, 0x33, 0x2d, 0x38, 0x2d,
    0x07, 0x32, 0x30, 0x31, 0x33, 0x2d, 0x35, 0x2d, 0x07, 0x32, 0x30, 0x31, 0x33, 0x2d, 0x36, 0x2d,
    0x00, 0x00, 0x00, 0x00, 0x00, 0x00, 0x00, 0x00, 0x07, 0x32, 0x30, 0x31, 0x33, 0x2d, 0x34, 0x2d,
    0x07, 0x32, 0x30, 0x31, 0x33, 0x2d, 0x39, 0x2d, 0x06, 0x32, 0x30, 0x31, 0x33, 0x2f, 0x30, 0x00,
    0x07, 0x32, 0x30, 0x31, 0x33, 0x2f, 0x35, 0x2f, 0x07, 0x32, 0x30, 0x31, 0x33, 0x2f, 0x37, 0x2f,
    0x07, 0x32, 0x30, 0x31, 0x33, 0x2f, 0x38, 0x2f, 0x07, 0x32, 0x30, 0x31, 0x33, 0x2f, 0x34, 0x2f,
    0x00, 0x00, 0x00, 0x00, 0x00, 0x00, 0x00, 0x00, 0x07, 0x32, 0x30, 0x31, 0x33, 0x2f, 0x36, 0x2f,
    0x07, 0x32, 0x30, 0x31, 0x33, 0x2f, 0x39, 0x2f, 0x84, 0x67, 0x31, 0x33, 0x30, 0x35, 0x00, 0x07,
    0x84, 0x67, 0x31, 0x33, 0x30, 0x37, 0x00, 0x07, 0x84, 0x67, 0x31, 0x33, 0x30, 0x38, 0x00, 0x07,
    0x84, 0x67, 0x31, 0x33, 0x30, 0x34, 0x00, 0x07, 0x84, 0x67, 0x31, 0x33, 0x30, 0x36, 0x00, 0x07,
    0x00, 0x00, 0x00, 0x00, 0x00, 0x00, 0x00, 0x00, 0x84, 0x67, 0x31, 0x33, 0x30, 0x39, 0x00, 0x07,
    0x64, 0x67, 0x31, 0x33, 0x30, 0x00, 0x00, 0x07, 0x44, 0x67, 0x31, 0x33, 0x00, 0x00, 0x00, 0x07,
    0x05, 0x32, 0x30, 0x31, 0x33, 0x20, 0x00, 0x00, 0x05, 0x32, 0x30, 0x31, 0x33, 0x2d, 0x00, 0x00,
    0x05, 0x32, 0x30, 0x31, 0x33, 0x2f, 0x00, 0x00, 0x07, 0x32, 0x30, 0x31, 0x33, 0x0a, 0x32, 0x30,
    0x44, 0x6a, 0x32, 0x2d, 0x00, 0x00, 0x00, 0x06, 0x44, 0x6a, 0x31, 0x2d, 0x00, 0x00, 0x00, 0x06,
    0x06, 0x32, 0x30, 0x31, 0x30, 0x2d, 0x31, 0x00, 0x06, 0x32, 0x30, 0x31, 0x30, 0x2d, 0x30, 0x00,
    0x44, 0x6e, 0x32, 0x2f, 0x00, 0x00, 0x00, 0x06, 0x44, 0x6e, 0x31, 0x2f, 0x00, 0x00, 0x00, 0x06,
    0x06, 0x32, 0x30, 0x31, 0x30, 0x2f, 0x31, 0x00, 0x06, 0x32, 0x30, 0x31, 0x30, 0x2f, 0x30, 0x00,
    0xa4, 0x78, 0x30, 0x31, 0x30, 0x31, 0x32, 0x06, 0xa4, 0x78, 0x30, 0x31, 0x30, 0x31, 0x31, 0x06,
    0x84, 0x78, 0x30, 0x31, 0x30, 0x30, 0x00, 0x06, 0x84, 0x78, 0x30, 0x31, 0x30, 0x31, 0x00, 0x06,
    0x44, 0x78, 0x30, 0x31, 0x00, 0x00, 0x00, 0x06, 0x05, 0x32, 0x30, 0x31, 0x30, 0x20, 0x00, 0x00,
    0x05, 0x32, 0x30, 0x31, 0x30, 0x2d, 0x00, 0x00, 0x05, 0x32, 0x30, 0x31, 0x30, 0x2f, 0x00, 0x00,
    0x06, 0x32, 0x30, 0x31, 0x30, 0x0a, 0x32, 0x00, 0x06, 0x32, 0x30, 0x31, 0x34, 0x2d, 0x30, 0x00,
    0x06, 0x32, 0x30, 0x31, 0x34, 0x2f, 0x30, 0x00, 0x44, 0x7f, 0x34, 0x30, 0x00, 0x00, 0x00, 0x08,
    0x05, 0x32, 0x30, 0x31, 0x34, 0x20, 0x00, 0x00, 0x05, 0x32, 0x30, 0x31, 0x34, 0x2d, 0x00, 0x00,
    0x05, 0x32, 0x30, 0x31, 0x34, 0x2f, 0x00, 0x00, 0x84, 0x90, 0x0a, 0x32, 0x30, 0x31, 0x00, 0x04,
    0x06, 0x32, 0x30, 0x31, 0x38, 0x2d, 0x30, 0x00, 0x07, 0x32, 0x30, 0x31, 0x38, 0x2d, 0x31, 0x2d,
    0x44, 0x86, 0x38, 0x30, 0x00, 0x00, 0x00, 0x08, 0x05, 0x32, 0x30, 0x31, 0x38, 0x20, 0x00, 0x00,
    0x05, 0x32, 0x30, 0x31, 0x38, 0x2d, 0x00, 0x00, 0x05, 0x32, 0x30, 0x31, 0x38, 0x2f, 0x00, 0x00,
    0x84, 0x91, 0x0a, 0x32, 0x30, 0x31, 0x00, 0x04, 0x04, 0x32, 0x30, 0x31, 0x32, 0x00, 0x00, 0x00,
    0x04, 0x32, 0x30, 0x31, 0x31, 0x00, 0x00, 0x00, 0x04, 0x32, 0x30, 0x31, 0x36, 0x00, 0x00, 0x00,
    0x04, 0x32, 0x30, 0x31, 0x35, 0x00, 0x00, 0x00, 0x04, 0x32, 0x30, 0x31, 0x39, 0x00, 0x00, 0x00,
    0x00, 0x00, 0x00, 0x00, 0x00, 0x00, 0x00, 0x00, 0x04, 0x32, 0x30, 0x31, 0x37, 0x00, 0x00, 0x00,
    0x04, 0x32, 0x30, 0x31, 0x33, 0x00, 0x00, 0x00, 0x04, 0x32, 0x30, 0x31, 0x30, 0x00, 0x00, 0x00,
    0x04, 0x32, 0x30, 0x31, 0x34, 0x00, 0x00, 0x00, 0x04, 0x32, 0x30, 0x31, 0x38, 0x00, 0x00, 0x00,
    0x06, 0x32, 0x30, 0x32, 0x30, 0x2d, 0x30, 0x00, 0x07, 0x32, 0x30, 0x32, 0x30, 0x2d, 0x33, 0x2d,
    0x07, 0x32, 0x30, 0x32, 0x30, 0x2d, 0x35, 0x2d, 0x07, 0x32, 0x30, 0x32, 0x30, 0x2d, 0x31, 0x2d,
    0x07, 0x32, 0x30, 0x32, 0x30, 0x2d, 0x34, 0x2d, 0x00, 0x00, 0x00, 0x00, 0x00, 0x00, 0x00, 0x00,
    0x07, 0x32, 0x30, 0x32, 0x30, 0x2d, 0x36, 0x2d, 0x07, 0x32, 0x30, 0x32, 0x30, 0x2d, 0x32, 0x2d,
    0x06, 0x32, 0x30, 0x32, 0x30, 0x2f, 0x30, 0x00, 0x07, 0x32, 0x30, 0x32, 0x30, 0x2f, 0x33, 0x2f,
    0x07, 0x32, 0x30, 0x32, 0x30, 0x2f, 0x35, 0x2f, 0x07, 0x32, 0x30, 0x32, 0x30, 0x2f, 0x31, 0x2f,
    0x07, 0x32, 0x30, 0x32, 0x30, 0x2f, 0x34, 0x2f, 0x00, 0x00, 0x00, 0x00, 0x00, 0x00, 0x00, 0x00,
    0x07, 0x32, 0x30, 0x32, 0x30, 0x2f, 0x36, 0x2f, 0x24, 0xa8, 0x33, 0x00, 0x00, 0x00, 0x00, 0x0a,
    0x24, 0xa8, 0x35, 0x00, 0x00, 0x00, 0x00, 0x0a, 0x24, 0xa8, 0x34, 0x00, 0x00, 0x00, 0x00, 0x0a,
    0x24, 0xa8, 0x36, 0x00, 0x00, 0x00, 0x00, 0x0a, 0x00, 0x00, 0x00, 0x00, 0x00, 0x00, 0x00, 0x00,
    0x24, 0xa8, 0x31, 0x00, 0x00, 0x00, 0x00, 0x0a, 0x24, 0xa8, 0x32, 0x00, 0x00, 0x00, 0x00, 0x0a,
    0x44, 0xac, 0x30, 0x30, 0x00, 0x00, 0x00, 0x08, 0x05, 0x32, 0x30, 0x32, 0x30, 0x20, 0x00, 0x00,
    0x05, 0x32, 0x30, 0x32, 0x30, 0x2d, 0x00, 0x00, 0x05, 0x32, 0x30, 0x32, 0x30, 0x2f, 0x00, 0x00,
    0x84, 0xd9, 0x0a, 0x32, 0x30, 0x32, 0x00, 0x04, 0x07, 0x32, 0x30, 0x30, 0x39, 0x2d, 0x31, 0x2d,
    0x06, 0x32, 0x30, 0x30, 0x39, 0x2d, 0x30, 0x00, 0x06, 0x32, 0x30, 0x30, 0x39, 0x2d, 0x31, 0x00,
    0x07, 0x32, 0x30, 0x30, 0x39, 0x2d, 0x33, 0x2d, 0x07, 0x32, 0x30, 0x30, 0x39, 0x2d, 0x35, 0x2d,
    0x07, 0x32, 0x30, 0x30, 0x39, 0x2d, 0x37, 0x2d, 0x00, 0x00, 0x00, 0x00, 0x00, 0x00, 0x00, 0x00,
    0x07, 0x32, 0x30, 0x30, 0x39, 0x2d, 0x34, 0x2d, 0x07, 0x32, 0x30, 0x30, 0x39, 0x2d, 0x36, 0x2d,
    0x07, 0x32, 0x30, 0x30, 0x39, 0x2d, 0x32, 0x2d, 0x07, 0x32, 0x30, 0x30, 0x39, 0x2f, 0x31, 0x2f,
    0x06, 0x32, 0x30, 0x30, 0x39, 0x2f, 0x30, 0x00, 0x06, 0x32, 0x30, 0x30, 0x39, 0x2f, 0x31, 0x00,
    0x07, 0x32, 0x30, 0x30, 0x39, 0x2f, 0x33, 0x2f, 0x07, 0x32, 0x30, 0x30, 0x39, 0x2f, 0x35, 0x2f,
    0x07, 0x32, 0x30, 0x30, 0x39, 0x2f, 0x37, 0x2f, 0x00, 0x00, 0x00, 0x00, 0x00, 0x00, 0x00, 0x00,
    0x07, 0x32, 0x30, 0x30, 0x39, 0x2f, 0x34, 0x2f, 0x07, 0x32, 0x30, 0x30, 0x39, 0x2f, 0x36, 0x2f,
    0x84, 0xcd, 0x30, 0x39, 0x30, 0x33, 0x00, 0x07, 0x84, 0xcd, 0x30, 0x39, 0x30, 0x35, 0x00, 0x07,
    0x84, 0xcd, 0x30, 0x39, 0x30, 0x37, 0x00, 0x07, 0x84, 0xcd, 0x30, 0x39, 0x30, 0x31, 0x00, 0x07,
    0x84, 0xcd, 0x30, 0x39, 0x30, 0x34, 0x00, 0x07, 0x00, 0x00, 0x00, 0x00, 0x00, 0x00, 0x00, 0x00,
    0x84, 0xcd, 0x30, 0x39, 0x30, 0x36, 0x00, 0x07, 0x84, 0xcd, 0x30, 0x39, 0x30, 0x32, 0x00, 0x07,
    0x64, 0xcd, 0x30, 0x39, 0x30, 0x00, 0x00, 0x07, 0x44, 0xcd, 0x30, 0x39, 0x00, 0x00, 0x00, 0x07,
    0x05, 0x32, 0x30, 0x30, 0x39, 0x20, 0x00, 0x00, 0x05, 0x32, 0x30, 0x30, 0x39, 0x2d, 0x00, 0x00,
    0x05, 0x32, 0x30, 0x30, 0x39, 0x2f, 0x00, 0x00, 0x07, 0x32, 0x30, 0x30, 0x39, 0x0a, 0x32, 0x30,
    0x04, 0x32, 0x30, 0x30, 0x39, 0x00, 0x00, 0x00, 0x06, 0x32, 0x30, 0x2f, 0x30, 0x31, 0x2f, 0x00,
    0x06, 0x32, 0x30, 0x2f, 0x30, 0x35, 0x2f, 0x00, 0x06, 0x32, 0x30, 0x2f, 0x30, 0x33, 0x2f, 0x00,
    0x06, 0x32, 0x30, 0x2f, 0x30, 0x36, 0x2f, 0x00, 0x06, 0x32, 0x30, 0x2f, 0x30, 0x34, 0x2f, 0x00,
    0x00, 0x00, 0x00, 0x00, 0x00, 0x00, 0x00, 0x00, 0x06, 0x32, 0x30, 0x2f, 0x30, 0x32, 0x2f, 0x00,
    0x04, 0x32, 0x30, 0x2f, 0x30, 0x00, 0x00, 0x00, 0x04, 0x32, 0x30, 0x2f, 0x31, 0x00, 0x00, 0x00,
    0x03, 0x32, 0x30, 0x31, 0x00, 0x00, 0x00, 0x00, 0x04, 0x32, 0x30, 0x32, 0x30, 0x00, 0x00, 0x00,
    0x03, 0x32, 0x30, 0x30, 0x00, 0x00, 0x00, 0x00, 0x03, 0x32, 0x30, 0x20, 0x00, 0x00, 0x00, 0x00,
    0x03, 0x32, 0x30, 0x2f, 0x00, 0x00, 0x00, 0x00, 0x00, 0x00, 0x00, 0x00, 0x00, 0x00, 0x00, 0x00,
    0x04, 0x32, 0x30, 0x2c, 0x20, 0x00, 0x00, 0x00, 0x04, 0x32, 0x20, 0x4a, 0x75, 0x00, 0x00, 0x00,
    0x06, 0x32, 0x20, 0x4d, 0x61, 0x79, 0x20, 0x00, 0x03, 0x32, 0x20, 0x32, 0x00, 0x00, 0x00, 0x00,
    0x03, 0x32, 0x20, 0x20, 0x00, 0x00, 0x00, 0x00, 0x03, 0x32, 0x20, 0x31, 0x00, 0x00, 0x00, 0x00,
    0x03, 0x32, 0x20, 0x4a, 0x00, 0x00, 0x00, 0x00, 0x04, 0x32, 0x20, 0x4d, 0x61, 0x00, 0x00, 0x00,
    0x00, 0x00, 0x00, 0x00, 0x00, 0x00, 0x00, 0x00, 0x03, 0x32, 0x20, 0x41, 0x00, 0x00, 0x00, 0x00,
    0x04, 0x32, 0x31, 0x2f, 0x30, 0x00, 0x00, 0x00, 0x04, 0x32, 0x31, 0x2f, 0x31, 0x00, 0x00, 0x00,
    0x03, 0x32, 0x31, 0x20, 0x00, 0x00, 0x00, 0x00, 0x04, 0x32, 0x31, 0x2c, 0x20, 0x00, 0x00, 0x00,
    0x03, 0x32, 0x31, 0x2f, 0x00, 0x00, 0x00, 0x00, 0x03, 0x32, 0x31, 0x30, 0x00, 0x00, 0x00, 0x00,
    0x03, 0x32, 0x31, 0x32, 0x00, 0x00, 0x00, 0x00, 0x34, 0x00, 0x00, 0x00, 0x00, 0x00, 0x00, 0x00,
    0x03, 0x32, 0x31, 0x37, 0x00, 0x00, 0x00, 0x00, 0x03, 0x32, 0x31, 0x31, 0x00, 0x00, 0x00, 0x00,
    0x03, 0x32, 0x31, 0x35, 0x00, 0x00, 0x00, 0x00, 0x03, 0x32, 0x31, 0x36, 0x00, 0x00, 0x00, 0x00,
    0x03, 0x32, 0x31, 0x33, 0x00, 0x00, 0x00, 0x00, 0x03, 0x32, 0x31, 0x38, 0x00, 0x00, 0x00, 0x00,
    0x03, 0x32, 0x31, 0x34, 0x00, 0x00, 0x00, 0x00, 0x04, 0x32, 0x38, 0x2f, 0x30, 0x00, 0x00, 0x00,
    0x04, 0x32, 0x38, 0x2f, 0x31, 0x00, 0x00, 0x00, 0x03, 0x32, 0x38, 0x20, 0x00, 0x00, 0x00, 0x00,
    0x04, 0x32, 0x38, 0x2c, 0x20, 0x00, 0x00, 0x00, 0x03, 0x32, 0x38, 0x2f, 0x00, 0x00, 0x00, 0x00,
    0x03, 0x32, 0x38, 0x35, 0x00, 0x00, 0x00, 0x00, 0x04, 0x32, 0x34, 0x2f, 0x30, 0x00, 0x00, 0x00,
    0x04, 0x32, 0x34, 0x2f, 0x31, 0x00, 0x00, 0x00, 0x03, 0x32, 0x34, 0x20, 0x00, 0x00, 0x00, 0x00,
    0x04, 0x32, 0x34, 0x2c, 0x20, 0x00, 0x00, 0x00, 0x03, 0x32, 0x34, 0x2f, 0x00, 0x00, 0x00, 0x00,
    0x04, 0x32, 0x32, 0x2f, 0x30, 0x00, 0x00, 0x00, 0x04, 0x32, 0x32, 0x2c, 0x20, 0x00, 0x00, 0x00,
    0x03, 0x32, 0x32, 0x2f, 0x00, 0x00, 0x00, 0x00, 0x03, 0x32, 0x32, 0x35, 0x00, 0x00, 0x00, 0x00,
    0x03, 0x32, 0x32, 0x36, 0x00, 0x00, 0x00, 0x00, 0x03, 0x32, 0x32, 0x31, 0x00, 0x00, 0x00, 0x00,
    0x00, 0x00, 0x00, 0x00, 0x00, 0x00, 0x00, 0x00, 0x03, 0x32, 0x32, 0x30, 0x00, 0x00, 0x00, 0x00,
    0x03, 0x32, 0x32, 0x34, 0x00, 0x00, 0x00, 0x00, 0x04, 0x32, 0x33, 0x2f, 0x30, 0x00, 0x00, 0x00,
    0x04, 0x32, 0x33, 0x2f, 0x31, 0x00, 0x00, 0x00, 0x04, 0x32, 0x33, 0x2c, 0x20, 0x00, 0x00, 0x00,
    0x03, 0x32, 0x33, 0x2f, 0x00, 0x00, 0x00, 0x00, 0x04, 0x32, 0x37, 0x2f, 0x30, 0x00, 0x00, 0x00,
    0x04, 0x32, 0x37, 0x2f, 0x31, 0x00, 0x00, 0x00, 0x03, 0x32, 0x37, 0x20, 0x00, 0x00, 0x00, 0x00,
    0x04, 0x32, 0x37, 0x2c, 0x20, 0x00, 0x00, 0x00, 0x03, 0x32, 0x37, 0x2f, 0x00, 0x00, 0x00, 0x00,
    0x03, 0x32, 0x37, 0x31, 0x00, 0x00, 0x00, 0x00, 0x03, 0x32, 0x37, 0x33, 0x00, 0x00, 0x00, 0x00,
    0x04, 0x32, 0x36, 0x2f, 0x30, 0x00, 0x00, 0x00, 0x04, 0x32, 0x36, 0x2f, 0x31, 0x00, 0x00, 0x00,
    0x03, 0x32, 0x36, 0x20, 0x00, 0x00, 0x00, 0x00, 0x04, 0x32, 0x36, 0x2c, 0x20, 0x00, 0x00, 0x00,
    0x03, 0x32, 0x36, 0x2f, 0x00, 0x00, 0x00, 0x00, 0x03, 0x32, 0x36, 0x30, 0x00, 0x00, 0x00, 0x00,
    0x03, 0x32, 0x36, 0x31, 0x00, 0x00, 0x00, 0x00, 0x04, 0x32, 0x35, 0x2f, 0x30, 0x00, 0x00, 0x00,
    0x04, 0x32, 0x35, 0x2f, 0x31, 0x00, 0x00, 0x00, 0x03, 0x32, 0x35, 0x20, 0x00, 0x00, 0x00, 0x00,
    0x04, 0x32, 0x35, 0x2c, 0x20, 0x00, 0x00, 0x00, 0x03, 0x32, 0x35, 0x2f, 0x00, 0x00, 0x00, 0x00,
    0x04, 0x32, 0x39, 0x2f, 0x30, 0x00, 0x00, 0x00, 0x03, 0x32, 0x39, 0x20, 0x00, 0x00, 0x00, 0x00,
    0x04, 0x32, 0x39, 0x2c, 0x20, 0x00, 0x00, 0x00, 0x03, 0x32, 0x39, 0x2f, 0x00, 0x00, 0x00, 0x00,
    0x07, 0x32, 0x41, 0x38, 0x41, 0x32, 0x41, 0x33, 0x02, 0x32, 0x30, 0x00, 0x00, 0x00, 0x00, 0x00,
    0x02, 0x32, 0x20, 0x00, 0x00, 0x00, 0x00, 0x00, 0x02, 0x32, 0x31, 0x00, 0x00, 0x00, 0x00, 0x00,
    0x02, 0x32, 0x38, 0x00, 0x00, 0x00, 0x00, 0x00, 0x02, 0x32, 0x34, 0x00, 0x00, 0x00, 0x00, 0x00,
    0x2d, 0x2e, 0x2c, 0x41, 0x2f, 0x00, 0x00, 0x00, 0x02, 0x32, 0x32, 0x00, 0x00, 0x00, 0x00, 0x00,
    0x02, 0x32, 0x33, 0x00, 0x00, 0x00, 0x00, 0x00, 0x02, 0x32, 0x37, 0x00, 0x00, 0x00, 0x00, 0x00,
    0x02, 0x32, 0x36, 0x00, 0x00, 0x00, 0x00, 0x00, 0x02, 0x32, 0x35, 0x00, 0x00, 0x00, 0x00, 0x00,
    0x02, 0x32, 0x39, 0x00, 0x00, 0x00, 0x00, 0x00, 0x05, 0x32, 0x2d, 0x32, 0x30, 0x31, 0x00, 0x00,
    0x02, 0x32, 0x2e, 0x00, 0x00, 0x00, 0x00, 0x00, 0x03, 0x32, 0x2c, 0x20, 0x00, 0x00, 0x00, 0x00,
    0x02, 0x32, 0x41, 0x00, 0x00, 0x00, 0x00, 0x00, 0x05, 0x32, 0x2f, 0x30, 0x39, 0x20, 0x00, 0x00,
    0x04, 0x33, 0x20, 0x4a, 0x75, 0x00, 0x00, 0x00, 0x03, 0x33, 0x20, 0x32, 0x00, 0x00, 0x00, 0x00,
    0x03, 0x33, 0x20, 0x20, 0x00, 0x00, 0x00, 0x00, 0x03, 0x33, 0x20, 0x31, 0x00, 0x00, 0x00, 0x00,
    0x03, 0x33, 0x20, 0x4a, 0x00, 0x00, 0x00, 0x00, 0x03, 0x33, 0x20, 0x41, 0x00, 0x00, 0x00, 0x00,
    0x00, 0x00, 0x00, 0x00, 0x00, 0x00, 0x00, 0x00, 0x06, 0x33, 0x20, 0x4d, 0x61, 0x79, 0x20, 0x00,
    0x04, 0x33, 0x30, 0x2f, 0x30, 0x00, 0x00, 0x00, 0x04, 0x33, 0x30, 0x2f, 0x31, 0x00, 0x00, 0x00,
    0x03, 0x33, 0x30, 0x20, 0x00, 0x00, 0x00, 0x00, 0x03, 0x33, 0x30, 0x2f, 0x00, 0x00, 0x00, 0x00,
    0x04, 0x33, 0x30, 0x2c, 0x20, 0x00, 0x00, 0x00, 0x04, 0x33, 0x31, 0x2f, 0x30, 0x00, 0x00, 0x00,
    0x04, 0x33, 0x31, 0x2c, 0x20, 0x00, 0x00, 0x00, 0x03, 0x33, 0x31, 0x2f, 0x00, 0x00, 0x00, 0x00,
    0x03, 0x33, 0x38, 0x31, 0x00, 0x00, 0x00, 0x00, 0x03, 0x33, 0x38, 0x20, 0x00, 0x00, 0x00, 0x00,
    0x02, 0x33, 0x20, 0x00, 0x00, 0x00, 0x00, 0x00, 0x02, 0x33, 0x30, 0x00, 0x00, 0x00, 0x00, 0x00,
    0x02, 0x33, 0x31, 0x00, 0x00, 0x00, 0x00, 0x00, 0x02, 0x33, 0x2e, 0x00, 0x00, 0x00, 0x00, 0x00,
    0x02, 0x33, 0x38, 0x00, 0x00, 0x00, 0x00, 0x00, 0x37, 0x35, 0x00, 0x00, 0x00, 0x00, 0x00, 0x00,
    0x02, 0x33, 0x32, 0x00, 0x00, 0x00, 0x00, 0x00, 0x03, 0x33, 0x2c, 0x20, 0x00, 0x00, 0x00, 0x00,
    0x02, 0x33, 0x39, 0x00, 0x00, 0x00, 0x00, 0x00, 0x02, 0x33, 0x34, 0x00, 0x00, 0x00, 0x00, 0x00,
    0x02, 0x33, 0x36, 0x00, 0x00, 0x00, 0x00, 0x00, 0x02, 0x33, 0x33, 0x00, 0x00, 0x00, 0x00, 0x00,
    0x02, 0x33, 0x37, 0x00, 0x00, 0x00, 0x00, 0x00, 0x02, 0x33, 0x35, 0x00, 0x00, 0x00, 0x00, 0x00,
    0x03, 0x34, 0x20, 0x20, 0x00, 0x00, 0x00, 0x00, 0x03, 0x34, 0x20, 0x4a, 0x00, 0x00, 0x00, 0x00,
    0x03, 0x34, 0x20, 0x41, 0x00, 0x00, 0x00, 0x00, 0x06, 0x34, 0x30, 0x34, 0x30, 0x34, 0x30, 0x00,
    0x05, 0x34, 0x30, 0x34, 0x30, 0x34, 0x00, 0x00, 0x03, 0x34, 0x30, 0x34, 0x00, 0x00, 0x00, 0x00,
    0x03, 0x34, 0x38, 0x35, 0x00, 0x00, 0x00, 0x00, 0x02, 0x34, 0x20, 0x00, 0x00, 0x00, 0x00, 0x00,
    0x02, 0x34, 0x30, 0x00, 0x00, 0x00, 0x00, 0x00, 0x02, 0x34, 0x2e, 0x00, 0x00, 0x00, 0x00, 0x00,
    0x02, 0x34, 0x38, 0x00, 0x00, 0x00, 0x00, 0x00, 0x02, 0x34, 0x31, 0x00, 0x00, 0x00, 0x00, 0x00,
    0x33, 0x36, 0x00, 0x00, 0x00, 0x00, 0x00, 0x00, 0x03, 0x34, 0x2c, 0x20, 0x00, 0x00, 0x00, 0x00,
    0x02, 0x34, 0x39, 0x00, 0x00, 0x00, 0x00, 0x00, 0x02, 0x34, 0x34, 0x00, 0x00, 0x00, 0x00, 0x00,
    0x02, 0x34, 0x37, 0x00, 0x00, 0x00, 0x00, 0x00, 0x02, 0x34, 0x32, 0x00, 0x00, 0x00, 0x00, 0x00,
    0x02, 0x34, 0x35, 0x00, 0x00, 0x00, 0x00, 0x00, 0x02, 0x34, 0x33, 0x00, 0x00, 0x00, 0x00, 0x00,
    0x02, 0x34, 0x36, 0x00, 0x00, 0x00, 0x00, 0x00, 0x04, 0x35, 0x20, 0x4a, 0x75, 0x00, 0x00, 0x00,
    0x03, 0x35, 0x20, 0x4a, 0x00, 0x00, 0x00, 0x00, 0x04, 0x35, 0x20, 0x4d, 0x61, 0x00, 0x00, 0x00,
    0x03, 0x35, 0x20, 0x41, 0x00, 0x00, 0x00, 0x00, 0x03, 0x35, 0x39, 0x36, 0x00, 0x00, 0x00, 0x00,
    0x02, 0x35, 0x20, 0x00, 0x00, 0x00, 0x00, 0x00, 0x02, 0x35, 0x2e, 0x00, 0x00, 0x00, 0x00, 0x00,
    0x02, 0x35, 0x38, 0x00, 0x00, 0x00, 0x00, 0x00, 0x02, 0x35, 0x34, 0x00, 0x00, 0x00, 0x00, 0x00,
    0x03, 0x35, 0x2c, 0x20, 0x00, 0x00, 0x00, 0x00, 0x35, 0x33, 0x00, 0x00, 0x00, 0x00, 0x00, 0x00,
    0x02, 0x35, 0x39, 0x00, 0x00, 0x00, 0x00, 0x00, 0x02, 0x35, 0x36, 0x00, 0x00, 0x00, 0x00, 0x00,
    0x02, 0x35, 0x31, 0x00, 0x00, 0x00, 0x00, 0x00, 0x02, 0x35, 0x30, 0x00, 0x00, 0x00, 0x00, 0x00,
    0x02, 0x35, 0x32, 0x00, 0x00, 0x00, 0x00, 0x00, 0x02, 0x35, 0x37, 0x00, 0x00, 0x00, 0x00, 0x00,
    0x02, 0x35, 0x35, 0x00, 0x00, 0x00, 0x00, 0x00, 0x02, 0x35, 0x33, 0x00, 0x00, 0x00, 0x00, 0x00,
    0x04, 0x36, 0x20, 0x4a, 0x75, 0x00, 0x00, 0x00, 0x03, 0x36, 0x20, 0x32, 0x00, 0x00, 0x00, 0x00,
    0x03, 0x36, 0x20, 0x31, 0x00, 0x00, 0x00, 0x00, 0x03, 0x36, 0x20, 0x4a, 0x00, 0x00, 0x00, 0x00,
    0x03, 0x36, 0x20, 0x41, 0x00, 0x00, 0x00, 0x00, 0x02, 0x36, 0x20, 0x00, 0x00, 0x00, 0x00, 0x00,
    0x02, 0x36, 0x2e, 0x00, 0x00, 0x00, 0x00, 0x00, 0x03, 0x36, 0x2c, 0x20, 0x00, 0x00, 0x00, 0x00,
    0x02, 0x36, 0x39, 0x00, 0x00, 0x00, 0x00, 0x00, 0x02, 0x36, 0x38, 0x00, 0x00, 0x00, 0x00, 0x00,
    0x35, 0x00, 0x00, 0x00, 0x00, 0x00, 0x00, 0x00, 0x02, 0x36, 0x34, 0x00, 0x00, 0x00, 0x00, 0x00,
    0x02, 0x36, 0x30, 0x00, 0x00, 0x00, 0x00, 0x00, 0x02, 0x36, 0x32, 0x00, 0x00, 0x00, 0x00, 0x00,
    0x02, 0x36, 0x31, 0x00, 0x00, 0x00, 0x00, 0x00, 0x02, 0x36, 0x36, 0x00, 0x00, 0x00, 0x00, 0x00,
    0x02, 0x36, 0x33, 0x00, 0x00, 0x00, 0x00, 0x00, 0x02, 0x36, 0x35, 0x00, 0x00, 0x00, 0x00, 0x00,
    0x03, 0x37, 0x20, 0x32, 0x00, 0x00, 0x00, 0x00, 0x02, 0x37, 0x20, 0x00, 0x00, 0x00, 0x00, 0x00,
    0x02, 0x37, 0x2e, 0x00, 0x00, 0x00, 0x00, 0x00, 0x03, 0x37, 0x2c, 0x20, 0x00, 0x00, 0x00, 0x00,
    0x02, 0x37, 0x39, 0x00, 0x00, 0x00, 0x00, 0x00, 0x03, 0x38, 0x20, 0x31, 0x00, 0x00, 0x00, 0x00,
    0x03, 0x38, 0x35, 0x39, 0x00, 0x00, 0x00, 0x00, 0x02, 0x38, 0x20, 0x00, 0x00, 0x00, 0x00, 0x00,
    0x02, 0x38, 0x31, 0x00, 0x00, 0x00, 0x00, 0x00, 0x02, 0x38, 0x35, 0x00, 0x00, 0x00, 0x00, 0x00,
    0x02, 0x38, 0x2e, 0x00, 0x00, 0x00, 0x00, 0x00, 0x03, 0x38, 0x2c, 0x20, 0x00, 0x00, 0x00, 0x00,
    0x00, 0x00, 0x00, 0x00, 0x00, 0x00, 0x00, 0x00, 0x02, 0x38, 0x38, 0x00, 0x00, 0x00, 0x00, 0x00,
    0x02, 0x38, 0x39, 0x00, 0x00, 0x00, 0x00, 0x00, 0x06, 0x39, 0x20, 0x4d, 0x61, 0x79, 0x20, 0x00,
    0x03, 0x39, 0x20, 0x32, 0x00, 0x00, 0x00, 0x00, 0x03, 0x39, 0x20, 0x31, 0x00, 0x00, 0x00, 0x00,
    0x03, 0x39, 0x20, 0x4a, 0x00, 0x00, 0x00, 0x00, 0x04, 0x39, 0x20, 0x4d, 0x61, 0x00, 0x00, 0x00,
    0x03, 0x39, 0x20, 0x41, 0x00, 0x00, 0x00, 0x00, 0x03, 0x39, 0x36, 0x39, 0x00, 0x00, 0x00, 0x00,
    0x02, 0x39, 0x20, 0x00, 0x00, 0x00, 0x00, 0x00, 0x02, 0x39, 0x2e, 0x00, 0x00, 0x00, 0x00, 0x00,
    0x03, 0x39, 0x2c, 0x20, 0x00, 0x00, 0x00, 0x00, 0x02, 0x39, 0x36, 0x00, 0x00, 0x00, 0x00, 0x00,
    0x02, 0x39, 0x35, 0x00, 0x00, 0x00, 0x00, 0x00, 0x00, 0x00, 0x00, 0x00, 0x00, 0x00, 0x00, 0x00,
    0x03, 0x39, 0x33, 0x39, 0x00, 0x00, 0x00, 0x00, 0x06, 0x41, 0x70, 0x72, 0x69, 0x6c, 0x20, 0x00,
    0x04, 0x41, 0x70, 0x72, 0x20, 0x00, 0x00, 0x00, 0x03, 0x41, 0x70, 0x72, 0x00, 0x00, 0x00, 0x00,
    0x07, 0x41, 0x75, 0x67, 0x75, 0x73, 0x74, 0x20, 0x04, 0x41, 0x75, 0x67, 0x20, 0x00, 0x00, 0x00,
    0x85, 0xb6, 0x6f, 0x6e, 0x3a, 0x20, 0x00, 0x04, 0x07, 0x41, 0x63, 0x74, 0x69, 0x76, 0x65, 0x20,
    0x04, 0x41, 0x63, 0x74, 0x69, 0x00, 0x00, 0x00, 0x07, 0x41, 0x64, 0x64, 0x72, 0x32, 0x20, 0x20,
    0x06, 0x41, 0x64, 0x64, 0x72, 0x31, 0x20, 0x00, 0x04, 0x41, 0x64, 0x64, 0x72, 0x00, 0x00, 0x00,
    0xa5, 0xc2, 0x43, 0x41, 0x54, 0x49, 0x4f, 0x04, 0x02, 0x41, 0x70, 0x00, 0x00, 0x00, 0x00, 0x00,
    0x03, 0x41, 0x75, 0x67, 0x00, 0x00, 0x00, 0x00, 0x02, 0x41, 0x63, 0x00, 0x00, 0x00, 0x00, 0x00,
    0x03, 0x41, 0x33, 0x38, 0x00, 0x00, 0x00, 0x00, 0x02, 0x41, 0x64, 0x00, 0x00, 0x00, 0x00, 0x00,
    0x00, 0x00, 0x00, 0x00, 0x00, 0x00, 0x00, 0x00, 0x03, 0x41, 0x32, 0x41, 0x00, 0x00, 0x00, 0x00,
    0x04, 0x41, 0x4c, 0x4c, 0x4f, 0x00, 0x00, 0x00, 0x04, 0x43, 0x6f, 0x64, 0x65, 0x00, 0x00, 0x00,
    0x02, 0x43, 0x20, 0x00, 0x00, 0x00, 0x00, 0x00, 0x02, 0x43, 0x27, 0x00, 0x00, 0x00, 0x00, 0x00,
    0x02, 0x43, 0x6f, 0x00, 0x00, 0x00, 0x00, 0x00, 0x06, 0x43, 0x4f, 0x44, 0x45, 0x53, 0x20, 0x00,
    0xa5, 0xc9, 0x6d, 0x62, 0x65, 0x72, 0x20, 0x04, 0x04, 0x44, 0x65, 0x63, 0x65, 0x00, 0x00, 0x00,
    0x04, 0x44, 0x65, 0x63, 0x20, 0x00, 0x00, 0x00, 0xa5, 0xcc, 0x35, 0x38, 0x31, 0x39, 0x35, 0x03,
    0x03, 0x44, 0x34, 0x38, 0x00, 0x00, 0x00, 0x00, 0x07, 0x44, 0x59, 0x4e, 0x41, 0x4d, 0x49, 0x43,
    0x03, 0x44, 0x43, 0x20, 0x00, 0x00, 0x00, 0x00, 0x03, 0x44, 0x65, 0x63, 0x00, 0x00, 0x00, 0x00,
    0x02, 0x44, 0x34, 0x00, 0x00, 0x00, 0x00, 0x00, 0x02, 0x44, 0x53, 0x00, 0x00, 0x00, 0x00, 0x00,
    0x02, 0x44, 0x45, 0x00, 0x00, 0x00, 0x00, 0x00, 0x00, 0x00, 0x00, 0x00, 0x00, 0x00, 0x00, 0x00,
    0x02, 0x44, 0x59, 0x00, 0x00, 0x00, 0x00, 0x00, 0x03, 0x45, 0x20, 0x20, 0x00, 0x00, 0x00, 0x00,
    0x02, 0x45, 0x20, 0x00, 0x00, 0x00, 0x00, 0x00, 0x06, 0x45, 0x52, 0x52, 0x4f, 0x52, 0x20, 0x00,
    0x06, 0x46, 0x27, 0x31, 0x37, 0x30, 0x37, 0x00, 0x06, 0x46, 0x27, 0x31, 0x37, 0x30, 0x35, 0x00,
    0x06, 0x46, 0x27, 0x31, 0x37, 0x33, 0x36, 0x00, 0x06, 0x46, 0x27, 0x31, 0x37, 0x33, 0x30, 0x00,
    0x06, 0x46, 0x27, 0x31, 0x37, 0x33, 0x35, 0x00, 0x07, 0x46, 0x27, 0x31, 0x37, 0x32, 0x30, 0x36,
    0xa5, 0xdf, 0x32, 0x27, 0x2c, 0x43, 0x27, 0x06, 0x06, 0x46, 0x27, 0x31, 0x37, 0x34, 0x33, 0x00,
    0x06, 0x46, 0x27, 0x31, 0x37, 0x31, 0x36, 0x00, 0x06, 0x46, 0x27, 0x31, 0x37, 0x31, 0x31, 0x00,
    0x05, 0x46, 0x27, 0x31, 0x37, 0x30, 0x00, 0x00, 0x05, 0x46, 0x27, 0x31, 0x37, 0x33, 0x00, 0x00,
    0x06, 0x46, 0x27, 0x31, 0x37, 0x38, 0x30, 0x00, 0x06, 0x46, 0x27, 0x31, 0x37, 0x32, 0x30, 0x00,
    0x00, 0x00, 0x00, 0x00, 0x00, 0x00, 0x00, 0x00, 0x05, 0x46, 0x27, 0x31, 0x37, 0x34, 0x00, 0x00,
    0x05, 0x46, 0x27, 0x31, 0x37, 0x31, 0x00, 0x00, 0x04, 0x46, 0x27, 0x33, 0x31, 0x00, 0x00, 0x00,
    0xa5, 0xeb, 0x32, 0x27, 0x2c, 0x43, 0x27, 0x05, 0x05, 0x46, 0x27, 0x34, 0x30, 0x30, 0x00, 0x00,
    0x04, 0x46, 0x27, 0x31, 0x37, 0x00, 0x00, 0x00, 0x03, 0x46, 0x27, 0x33, 0x00, 0x00, 0x00, 0x00,
    0x03, 0x46, 0x27, 0x34, 0x00, 0x00, 0x00, 0x00, 0x03, 0x46, 0x27, 0x37, 0x00, 0x00, 0x00, 0x00,
    0x03, 0x46, 0x27, 0x35, 0x00, 0x00, 0x00, 0x00, 0xa5, 0xf2, 0x75, 0x61, 0x72, 0x79, 0x20, 0x04,
    0x04, 0x46, 0x65, 0x62, 0x72, 0x00, 0x00, 0x00, 0x04, 0x46, 0x65, 0x62, 0x20, 0x00, 0x00, 0x00,
    0x02, 0x46, 0x27, 0x00, 0x00, 0x00, 0x00, 0x00, 0x03, 0x46, 0x65, 0x62, 0x00, 0x00, 0x00, 0x00,
    0x06, 0x48, 0x4c, 0x41, 0x53, 0x4d, 0x20, 0x00, 0x06, 0x49, 0x20, 0x49, 0x20, 0x49, 0x20, 0x00,
    0x07, 0x49, 0x66, 0x20, 0x74, 0x68, 0x65, 0x20, 0x02, 0x49, 0x20, 0x00, 0x00, 0x00, 0x00, 0x00,
    0x03, 0x49, 0x66, 0x20, 0x00, 0x00, 0x00, 0x00, 0x05, 0x4a, 0x75, 0x6c, 0x79, 0x20, 0x00, 0x00,
    0x04, 0x4a, 0x75, 0x6c, 0x20, 0x00, 0x00, 0x00, 0x05, 0x4a, 0x75, 0x6e, 0x65, 0x20, 0x00, 0x00,
    0x04, 0x4a, 0x75, 0x6e, 0x20, 0x00, 0x00, 0x00, 0x03, 0x4a, 0x75, 0x6c, 0x00, 0x00, 0x00, 0x00,
    0x03, 0x4a, 0x75, 0x6e, 0x00, 0x00, 0x00, 0x00, 0xa6, 0x04, 0x75, 0x61, 0x72, 0x79, 0x20, 0x03,
    0x04, 0x4a, 0x61, 0x6e, 0x20, 0x00, 0x00, 0x00, 0x02, 0x4a, 0x75, 0x00, 0x00, 0x00, 0x00, 0x00,
    0x03, 0x4a, 0x61, 0x6e, 0x00, 0x00, 0x00, 0x00, 0x02, 0x4c, 0x49, 0x00, 0x00, 0x00, 0x00, 0x00,
    0x03, 0x4c, 0x6f, 0x63, 0x00, 0x00, 0x00, 0x00, 0x06, 0x4d, 0x61, 0x72, 0x63, 0x68, 0x20, 0x00,
    0x04, 0x4d, 0x61, 0x72, 0x20, 0x00, 0x00, 0x00, 0x05, 0x4d, 0x61, 0x79, 0x20, 0x31, 0x00, 0x00,
    0x03, 0x4d, 0x61, 0x72, 0x00, 0x00, 0x00, 0x00, 0x04, 0x4d, 0x61, 0x79, 0x20, 0x00, 0x00, 0x00,
    0x02, 0x4d, 0x61, 0x00, 0x00, 0x00, 0x00, 0x00, 0xa6, 0x0e, 0x6d, 0x62, 0x65, 0x72, 0x20, 0x04,
    0x04, 0x4e, 0x6f, 0x76, 0x65, 0x00, 0x00, 0x00, 0x04, 0x4e, 0x6f, 0x76, 0x20, 0x00, 0x00, 0x00,
    0xa6, 0x12, 0x65, 0x0a, 0x30, 0x20, 0x20, 0x03, 0x03, 0x4e, 0x6f, 0x76, 0x00, 0x00, 0x00, 0x00,
    0x03, 0x4e, 0x6f, 0x6e, 0x00, 0x00, 0x00, 0x00, 0x02, 0x4e, 0x6f, 0x00, 0x00, 0x00, 0x00, 0x00,
    0xa6, 0x16, 0x6f, 0x62, 0x65, 0x72, 0x20, 0x03, 0x04, 0x4f, 0x63, 0x74, 0x20, 0x00, 0x00, 0x00,
    0x03, 0x4f, 0x63, 0x74, 0x00, 0x00, 0x00, 0x00, 0xa6, 0x18, 0x6d, 0x6d, 0x65, 0x72, 0x20, 0x06,
    0x06, 0x50, 0x72, 0x6f, 0x67, 0x72, 0x61, 0x00, 0x04, 0x50, 0x61, 0x67, 0x65, 0x00, 0x00, 0x00,
    0x02, 0x52, 0x65, 0x00, 0x00, 0x00, 0x00, 0x00, 0x03, 0x52, 0x0a, 0x30, 0x00, 0x00, 0x00, 0x00,
    0xa6, 0x1d, 0x6d, 0x62, 0x65, 0x72, 0x20, 0x05, 0x05, 0x53, 0x65, 0x70, 0x74, 0x65, 0x00, 0x00,
    0x04, 0x53, 0x65, 0x70, 0x20, 0x00, 0x00, 0x00, 0xa6, 0x21, 0x61, 0x67, 0x65, 0x64, 0x20, 0x07,
    0x04, 0x53, 0x4d, 0x53, 0x20, 0x00, 0x00, 0x00, 0x07, 0x53, 0x4d, 0x53, 0x2d, 0x6d, 0x61, 0x6e,
    0xa6, 0x23, 0x74, 0x65, 0x6d, 0x65, 0x6e, 0x03, 0x03, 0x53, 0x74, 0x61, 0x00, 0x00, 0x00, 0x00,
    0x04, 0x53, 0x74, 0x6d, 0x74, 0x00, 0x00, 0x00, 0x07, 0x53, 0x6f, 0x75, 0x72, 0x63, 0x65, 0x20,
    0x03, 0x53, 0x65, 0x70, 0x00, 0x00, 0x00, 0x00, 0x03, 0x53, 0x4d, 0x53, 0x00, 0x00, 0x00, 0x00,
    0x02, 0x53, 0x74, 0x00, 0x00, 0x00, 0x00, 0x00, 0x02, 0x53, 0x6f, 0x00, 0x00, 0x00, 0x00, 0x00,
    0x02, 0x53, 0x45, 0x00, 0x00, 0x00, 0x00, 0x00, 0x00, 0x00, 0x00, 0x00, 0x00, 0x00, 0x00, 0x00,
    0x03, 0x53, 0x70, 0x65, 0x00, 0x00, 0x00, 0x00, 0x03, 0x54, 0x68, 0x65, 0x00, 0x00, 0x00, 0x00,
    0x05, 0x54, 0x41, 0x42, 0x4c, 0x45, 0x00, 0x00, 0xa6, 0x30, 0x6e, 0x67, 0x73, 0x3a, 0x20, 0x03,
    0x03, 0x55, 0x73, 0x69, 0x00, 0x00, 0x00, 0x00, 0x06, 0x61, 0x6e, 0x20, 0x61, 0x6e, 0x20, 0x00,
    0x05, 0x61, 0x6e, 0x64, 0x20, 0x20, 0x00, 0x00, 0x03, 0x61, 0x6e, 0x20, 0x00, 0x00, 0x00, 0x00,
    0x04, 0x61, 0x6e, 0x64, 0x20, 0x00, 0x00, 0x00, 0x07, 0x61, 0x6c, 0x6c, 0x6f, 0x63, 0x61, 0x74,
    0x04, 0x61, 0x6c, 0x6c, 0x20, 0x00, 0x00, 0x00, 0x05, 0x61, 0x6c, 0x6c, 0x6f, 0x63, 0x00, 0x00,
    0x06, 0x61, 0x6c, 0x77, 0x61, 0x79, 0x73, 0x00, 0x03, 0x61, 0x6c, 0x6c, 0x00, 0x00, 0x00, 0x00,
    0x04, 0x61, 0x6c, 0x77, 0x61, 0x00, 0x00, 0x00, 0x04, 0x61, 0x72, 0x65, 0x20, 0x00, 0x00, 0x00,
    0x03, 0x61, 0x72, 0x65, 0x00, 0x00, 0x00, 0x00, 0x06, 0x61, 0x74, 0x69, 0x6f, 0x6e, 0x20, 0x00,
    0x04, 0x61, 0x74, 0x69, 0x6f, 0x00, 0x00, 0x00, 0x03, 0x61, 0x74, 0x65, 0x00, 0x00, 0x00, 0x00,
    0x06, 0x61, 0x74, 0x20, 0x61, 0x74, 0x20, 0x00, 0x03, 0x61, 0x74, 0x74, 0x00, 0x00, 0x00, 0x00,
    0x06, 0x61, 0x20, 0x61, 0x20, 0x61, 0x20, 0x00, 0x05, 0x61, 0x62, 0x6f, 0x76, 0x65, 0x00, 0x00,
    0x03, 0x61, 0x62, 0x6f, 0x00, 0x00, 0x00, 0x00, 0x06, 0x61, 0x73, 0x20, 0x61, 0x73, 0x20, 0x00,
    0x04, 0x61, 0x73, 0x20, 0x61, 0x00, 0x00, 0x00, 0x03, 0x61, 0x73, 0x20, 0x00, 0x00, 0x00, 0x00,
    0x03, 0x61, 0x73, 0x73, 0x00, 0x00, 0x00, 0x00, 0x03, 0x61, 0x67, 0x65, 0x00, 0x00, 0x00, 0x00,
    0x03, 0x61, 0x67, 0x61, 0x00, 0x00, 0x00, 0x00, 0x05, 0x61, 0x66, 0x74, 0x65, 0x72, 0x00, 0x00,
    0x02, 0x61, 0x6e, 0x00, 0x00, 0x00, 0x00, 0x00, 0x02, 0x61, 0x6c, 0x00, 0x00, 0x00, 0x00, 0x00,
    0x02, 0x61, 0x72, 0x00, 0x00, 0x00, 0x00, 0x00, 0x02, 0x61, 0x74, 0x00, 0x00, 0x00, 0x00, 0x00,
    0x02, 0x61, 0x20, 0x00, 0x00, 0x00, 0x00, 0x00, 0x70, 0x00, 0x00, 0x00, 0x00, 0x00, 0x00, 0x00,
    0x02, 0x61, 0x62, 0x00, 0x00, 0x00, 0x00, 0x00, 0x02, 0x61, 0x73, 0x00, 0x00, 0x00, 0x00, 0x00,
    0x02, 0x61, 0x63, 0x00, 0x00, 0x00, 0x00, 0x00, 0x02, 0x61, 0x67, 0x00, 0x00, 0x00, 0x00, 0x00,
    0x02, 0x61, 0x6d, 0x00, 0x00, 0x00, 0x00, 0x00, 0x03, 0x61, 0x66, 0x74, 0x00, 0x00, 0x00, 0x00,
    0x03, 0x61, 0x70, 0x70, 0x00, 0x00, 0x00, 0x00, 0x06, 0x62, 0x65, 0x20, 0x62, 0x65, 0x20, 0x00,
    0x05, 0x62, 0x65, 0x67, 0x61, 0x6e, 0x00, 0x00, 0x05, 0x62, 0x65, 0x67, 0x69, 0x6e, 0x00, 0x00,
    0x03, 0x62, 0x65, 0x20, 0x00, 0x00, 0x00, 0x00, 0x03, 0x62, 0x65, 0x67, 0x00, 0x00, 0x00, 0x00,
    0x04, 0x62, 0x6f, 0x74, 0x68, 0x00, 0x00, 0x00, 0x04, 0x62, 0x6f, 0x6f, 0x6b, 0x00, 0x00, 0x00,
    0x03, 0x62, 0x75, 0x74, 0x00, 0x00, 0x00, 0x00, 0x04, 0x62, 0x61, 0x63, 0x6b, 0x00, 0x00, 0x00,
    0x04, 0x62, 0x61, 0x73, 0x65, 0x00, 0x00, 0x00, 0x04, 0x62, 0x79, 0x20, 0x20, 0x00, 0x00, 0x00,
    0x06, 0x62, 0x79, 0x20, 0x62, 0x79, 0x20, 0x00, 0x02, 0x62, 0x65, 0x00, 0x00, 0x00, 0x00, 0x00,
    0x02, 0x62, 0x6f, 0x00, 0x00, 0x00, 0x00, 0x00, 0x02, 0x62, 0x6c, 0x00, 0x00, 0x00, 0x00, 0x00,
    0x02, 0x62, 0x75, 0x00, 0x00, 0x00, 0x00, 0x00, 0x02, 0x62, 0x61, 0x00, 0x00, 0x00, 0x00, 0x00,
    0x00, 0x00, 0x00, 0x00, 0x00, 0x00, 0x00, 0x00, 0x03, 0x62, 0x79, 0x20, 0x00, 0x00, 0x00, 0x00,
    0x02, 0x62, 0x72, 0x00, 0x00, 0x00, 0x00, 0x00, 0x04, 0x63, 0x6f, 0x6e, 0x74, 0x00, 0x00, 0x00,
    0x05, 0x63, 0x6f, 0x6c, 0x6f, 0x72, 0x00, 0x00, 0x07, 0x63, 0x6f, 0x72, 0x72, 0x65, 0x63, 0x74,
    0x03, 0x63, 0x6f, 0x6d, 0x00, 0x00, 0x00, 0x00, 0x03, 0x63, 0x6f, 0x75, 0x00, 0x00, 0x00, 0x00,
    0x03, 0x63, 0x6f, 0x6e, 0x00, 0x00, 0x00, 0x00, 0x03, 0x63, 0x6f, 0x6c, 0x00, 0x00, 0x00, 0x00,
    0x05, 0x63, 0x6f, 0x72, 0x72, 0x65, 0x00, 0x00, 0x04, 0x63, 0x61, 0x72, 0x65, 0x00, 0x00, 0x00,
    0x05, 0x63, 0x61, 0x72, 0x72, 0x79, 0x00, 0x00, 0xa6, 0x7a, 0x61, 0x6c, 0x6f, 0x67, 0x20, 0x03,
    0x05, 0x63, 0x61, 0x6d, 0x65, 0x20, 0x00, 0x00, 0x03, 0x63, 0x61, 0x72, 0x00, 0x00, 0x00, 0x00,
    0x03, 0x63, 0x61, 0x74, 0x00, 0x00, 0x00, 0x00, 0x03, 0x63, 0x61, 0x6e, 0x00, 0x00, 0x00, 0x00,
    0x04, 0x63, 0x61, 0x6d, 0x65, 0x00, 0x00, 0x00, 0x46, 0x7e, 0x6e, 0x20, 0x00, 0x00, 0x00, 0x07,
    0x07, 0x63, 0x68, 0x69, 0x6c, 0x64, 0x72, 0x65, 0x05, 0x63, 0x68, 0x69, 0x6c, 0x64, 0x00, 0x00,
    0x05, 0x63, 0x65, 0x6e, 0x74, 0x65, 0x00, 0x00, 0x03, 0x63, 0x65, 0x6e, 0x00, 0x00, 0x00, 0x00,
    0x03, 0x63, 0x74, 0x20, 0x00, 0x00, 0x00, 0x00, 0x06, 0x63, 0x6c, 0x61, 0x73, 0x73, 0x20, 0x00,
    0x05, 0x63, 0x6c, 0x61, 0x73, 0x73, 0x00, 0x00, 0x03, 0x63, 0x6c, 0x61, 0x00, 0x00, 0x00, 0x00,
    0x02, 0x63, 0x6f, 0x00, 0x00, 0x00, 0x00, 0x00, 0x02, 0x63, 0x61, 0x00, 0x00, 0x00, 0x00, 0x00,
    0x02, 0x63, 0x68, 0x00, 0x00, 0x00, 0x00, 0x00, 0x02, 0x63, 0x65, 0x00, 0x00, 0x00, 0x00, 0x00,
    0x02, 0x63, 0x74, 0x00, 0x00, 0x00, 0x00, 0x00, 0x00, 0x00, 0x00, 0x00, 0x00, 0x00, 0x00, 0x00,
    0x02, 0x63, 0x6c, 0x00, 0x00, 0x00, 0x00, 0x00, 0x02, 0x63, 0x72, 0x00, 0x00, 0x00, 0x00, 0x00,
    0x03, 0x63, 0x75, 0x74, 0x00, 0x00, 0x00, 0x00, 0x03, 0x64, 0x20, 0x20, 0x00, 0x00, 0x00, 0x00,
    0x05, 0x64, 0x61, 0x74, 0x61, 0x20, 0x00, 0x00, 0x03, 0x64, 0x61, 0x74, 0x00, 0x00, 0x00, 0x00,
    0x03, 0x64, 0x65, 0x76, 0x00, 0x00, 0x00, 0x00, 0x04, 0x64, 0x65, 0x66, 0x69, 0x00, 0x00, 0x00,
    0x06, 0x64, 0x6f, 0x20, 0x64, 0x6f, 0x20, 0x00, 0x02, 0x64, 0x20, 0x00, 0x00, 0x00, 0x00, 0x00,
    0x02, 0x64, 0x61, 0x00, 0x00, 0x00, 0x00, 0x00, 0x02, 0x64, 0x65, 0x00, 0x00, 0x00, 0x00, 0x00,
    0x02, 0x64, 0x6f, 0x00, 0x00, 0x00, 0x00, 0x00, 0x02, 0x64, 0x69, 0x00, 0x00, 0x00, 0x00, 0x00,
    0x00, 0x00, 0x00, 0x00, 0x00, 0x00, 0x00, 0x00, 0x02, 0x64, 0x72, 0x00, 0x00, 0x00, 0x00, 0x00,
    0x06, 0x65, 0x20, 0x74, 0x68, 0x65, 0x20, 0x00, 0x03, 0x65, 0x20, 0x20, 0x00, 0x00, 0x00, 0x00,
    0x03, 0x65, 0x20, 0x74, 0x00, 0x00, 0x00, 0x00, 0x06, 0x65, 0x6e, 0x6f, 0x75, 0x67, 0x68, 0x00,
    0x04, 0x65, 0x6e, 0x6f, 0x75, 0x00, 0x00, 0x00, 0x03, 0x65, 0x6e, 0x74, 0x00, 0x00, 0x00, 0x00,
    0x05, 0x65, 0x72, 0x72, 0x6f, 0x72, 0x00, 0x00, 0x03, 0x65, 0x72, 0x20, 0x00, 0x00, 0x00, 0x00,
    0x03, 0x65, 0x72, 0x72, 0x00, 0x00, 0x00, 0x00, 0x05, 0x65, 0x61, 0x63, 0x68, 0x20, 0x00, 0x00,
    0x03, 0x65, 0x61, 0x74, 0x00, 0x00, 0x00, 0x00, 0x04, 0x65, 0x61, 0x73, 0x65, 0x00, 0x00, 0x00,
    0x03, 0x65, 0x64, 0x20, 0x00, 0x00, 0x00, 0x00, 0x05, 0x65, 0x76, 0x65, 0x72, 0x79, 0x00, 0x00,
    0x04, 0x65, 0x76, 0x65, 0x72, 0x00, 0x00, 0x00, 0x07, 0x65, 0x78, 0x61, 0x6d, 0x70, 0x6c, 0x65,
    0x05, 0x65, 0x78, 0x61, 0x6d, 0x70, 0x00, 0x00, 0x03, 0x65, 0x78, 0x70, 0x00, 0x00, 0x00, 0x00,
    0x02, 0x65, 0x20, 0x00, 0x00, 0x00, 0x00, 0x00, 0x02, 0x65, 0x6e, 0x00, 0x00, 0x00, 0x00, 0x00,
    0x02, 0x65, 0x72, 0x00, 0x00, 0x00, 0x00, 0x00, 0x02, 0x65, 0x61, 0x00, 0x00, 0x00, 0x00, 0x00,
    0x02, 0x65, 0x64, 0x00, 0x00, 0x00, 0x00, 0x00, 0x70, 0x00, 0x00, 0x00, 0x00, 0x00, 0x00, 0x00,
    0x02, 0x65, 0x73, 0x00, 0x00, 0x00, 0x00, 0x00, 0x02, 0x65, 0x74, 0x00, 0x00, 0x00, 0x00, 0x00,
    0x02, 0x65, 0x76, 0x00, 0x00, 0x00, 0x00, 0x00, 0x02, 0x65, 0x78, 0x00, 0x00, 0x00, 0x00, 0x00,
    0x02, 0x65, 0x6c, 0x00, 0x00, 0x00, 0x00, 0x00, 0x02, 0x65, 0x63, 0x00, 0x00, 0x00, 0x00, 0x00,
    0x03, 0x65, 0x70, 0x20, 0x00, 0x00, 0x00, 0x00, 0x86, 0xbe, 0x74, 0x68, 0x65, 0x20, 0x00, 0x04,
    0x06, 0x66, 0x6f, 0x72, 0x20, 0x61, 0x20, 0x00, 0x06, 0x66, 0x6f, 0x72, 0x6d, 0x61, 0x74, 0x00,
    0x04, 0x66, 0x6f, 0x72, 0x20, 0x00, 0x00, 0x00, 0x04, 0x66, 0x6f, 0x72, 0x6d, 0x00, 0x00, 0x00,
    0x03, 0x66, 0x6f, 0x72, 0x00, 0x00, 0x00, 0x00, 0x03, 0x66, 0x69, 0x6e, 0x00, 0x00, 0x00, 0x00,
    0x04, 0x66, 0x69, 0x73, 0x68, 0x00, 0x00, 0x00, 0x04, 0x66, 0x61, 0x63, 0x65, 0x00, 0x00, 0x00,
    0x06, 0x66, 0x72, 0x6f, 0x6d, 0x20, 0x20, 0x00, 0x05, 0x66, 0x72, 0x6f, 0x6d, 0x20, 0x00, 0x00,
    0x06, 0x66, 0x72, 0x69, 0x65, 0x6e, 0x64, 0x00, 0x03, 0x66, 0x72, 0x6f, 0x00, 0x00, 0x00, 0x00,
    0x04, 0x66, 0x72, 0x69, 0x65, 0x00, 0x00, 0x00, 0x04, 0x66, 0x65, 0x65, 0x74, 0x00, 0x00, 0x00,
    0x02, 0x66, 0x6f, 0x00, 0x00, 0x00, 0x00, 0x00, 0x02, 0x66, 0x69, 0x00, 0x00, 0x00, 0x00, 0x00,
    0x02, 0x66, 0x61, 0x00, 0x00, 0x00, 0x00, 0x00, 0x02, 0x66, 0x72, 0x00, 0x00, 0x00, 0x00, 0x00,
    0x02, 0x66, 0x65, 0x00, 0x00, 0x00, 0x00, 0x00, 0x06, 0x67, 0x72, 0x6f, 0x75, 0x70, 0x20, 0x00,
    0x05, 0x67, 0x72, 0x6f, 0x75, 0x70, 0x00, 0x00, 0x03, 0x67, 0x72, 0x6f, 0x00, 0x00, 0x00, 0x00,
    0x04, 0x67, 0x6f, 0x6f, 0x64, 0x00, 0x00, 0x00, 0x03, 0x67, 0x6f, 0x74, 0x00, 0x00, 0x00, 0x00,
    0x05, 0x67, 0x69, 0x76, 0x65, 0x20, 0x00, 0x00, 0x04, 0x67, 0x69, 0x76, 0x65, 0x00, 0x00, 0x00,
    0x04, 0x67, 0x69, 0x72, 0x6c, 0x00, 0x00, 0x00, 0x02, 0x67, 0x72, 0x00, 0x00, 0x00, 0x00, 0x00,
    0x02, 0x67, 0x6f, 0x00, 0x00, 0x00, 0x00, 0x00, 0x02, 0x67, 0x69, 0x00, 0x00, 0x00, 0x00, 0x00,
    0x02, 0x67, 0x20, 0x00, 0x00, 0x00, 0x00, 0x00, 0x02, 0x67, 0x61, 0x00, 0x00, 0x00, 0x00, 0x00,
    0x05, 0x68, 0x61, 0x76, 0x65, 0x20, 0x00, 0x00, 0x03, 0x68, 0x61, 0x64, 0x00, 0x00, 0x00, 0x00,
    0x06, 0x68, 0x65, 0x20, 0x68, 0x65, 0x20, 0x00, 0x03, 0x68, 0x65, 0x20, 0x00, 0x00, 0x00, 0x00,
    0x04, 0x68, 0x65, 0x61, 0x72, 0x00, 0x00, 0x00, 0x03, 0x68, 0x69, 0x73, 0x00, 0x00, 0x00, 0x00,
    0x02, 0x68, 0x61, 0x00, 0x00, 0x00, 0x00, 0x00, 0x02, 0x68, 0x65, 0x00, 0x00, 0x00, 0x00, 0x00,
    0x02, 0x68, 0x69, 0x00, 0x00, 0x00, 0x00, 0x00, 0x02, 0x68, 0x20, 0x00, 0x00, 0x00, 0x00, 0x00,
    0x03, 0x68, 0x6f, 0x74, 0x00, 0x00, 0x00, 0x00, 0x07, 0x69, 0x6e, 0x20, 0x74, 0x68, 0x65, 0x20,
    0x06, 0x69, 0x6e, 0x20, 0x69, 0x6e, 0x20, 0x00, 0x04, 0x69, 0x6e, 0x67, 0x20, 0x00, 0x00, 0x00,
    0x03, 0x69, 0x6e, 0x20, 0x00, 0x00, 0x00, 0x00, 0x03, 0x69, 0x6e, 0x67, 0x00, 0x00, 0x00, 0x00,
    0x04, 0x69, 0x6e, 0x74, 0x65, 0x00, 0x00, 0x00, 0x06, 0x69, 0x73, 0x20, 0x74, 0x68, 0x65, 0x00,
    0x06, 0x69, 0x73, 0x20, 0x69, 0x73, 0x20, 0x00, 0x03, 0x69, 0x73, 0x20, 0x00, 0x00, 0x00, 0x00,
    0x05, 0x69, 0x66, 0x20, 0x28, 0x21, 0x00, 0x00, 0x06, 0x69, 0x74, 0x20, 0x69, 0x74, 0x20, 0x00,
    0x04, 0x69, 0x64, 0x65, 0x61, 0x00, 0x00, 0x00, 0x02, 0x69, 0x6e, 0x00, 0x00, 0x00, 0x00, 0x00,
    0x02, 0x69, 0x73, 0x00, 0x00, 0x00, 0x00, 0x00, 0x03, 0x69, 0x66, 0x20, 0x00, 0x00, 0x00, 0x00,
    0x02, 0x69, 0x63, 0x00, 0x00, 0x00, 0x00, 0x00, 0x02, 0x69, 0x6c, 0x00, 0x00, 0x00, 0x00, 0x00,
    0x00, 0x00, 0x00, 0x00, 0x00, 0x00, 0x00, 0x00, 0x02, 0x69, 0x74, 0x00, 0x00, 0x00, 0x00, 0x00,
    0x02, 0x69, 0x64, 0x00, 0x00, 0x00, 0x00, 0x00, 0x03, 0x69, 0x6f, 0x6e, 0x00, 0x00, 0x00, 0x00,
    0x06, 0x6c, 0x69, 0x74, 0x74, 0x6c, 0x65, 0x00, 0x05, 0x6c, 0x69, 0x76, 0x65, 0x20, 0x00, 0x00,
    0x04, 0x6c, 0x69, 0x74, 0x74, 0x00, 0x00, 0x00, 0x04, 0x6c, 0x69, 0x76, 0x65, 0x00, 0x00, 0x00,
    0x06, 0x6c, 0x65, 0x74, 0x74, 0x65, 0x72, 0x00, 0x04, 0x6c, 0x65, 0x74, 0x74, 0x00, 0x00, 0x00,
    0x03, 0x6c, 0x61, 0x6e, 0x00, 0x00, 0x00, 0x00, 0x02, 0x6c, 0x20, 0x00, 0x00, 0x00, 0x00, 0x00,
    0x02, 0x6c, 0x69, 0x00, 0x00, 0x00, 0x00, 0x00, 0x02, 0x6c, 0x65, 0x00, 0x00, 0x00, 0x00, 0x00,
    0x02, 0x6c, 0x6f, 0x00, 0x00, 0x00, 0x00, 0x00, 0x02, 0x6c, 0x61, 0x00, 0x00, 0x00, 0x00, 0x00,
    0x00, 0x00, 0x00, 0x00, 0x00, 0x00, 0x00, 0x00, 0x03, 0x6c, 0x6c, 0x6f, 0x00, 0x00, 0x00, 0x00,
    0x03, 0x6d, 0x61, 0x6e, 0x00, 0x00, 0x00, 0x00, 0x04, 0x6d, 0x61, 0x64, 0x65, 0x00, 0x00, 0x00,
    0x04, 0x6d, 0x61, 0x72, 0x6b, 0x00, 0x00, 0x00, 0x04, 0x6d, 0x61, 0x69, 0x6e, 0x00, 0x00, 0x00,
    0x47, 0x0f, 0x6e, 0x20, 0x00, 0x00, 0x00, 0x07, 0x07, 0x6d, 0x6f, 0x75, 0x6e, 0x74, 0x61, 0x69,
    0x05, 0x6d, 0x6f, 0x75, 0x6e, 0x74, 0x00, 0x00, 0x03, 0x6d, 0x69, 0x6e, 0x00, 0x00, 0x00, 0x00,
    0x04, 0x6d, 0x69, 0x6c, 0x65, 0x00, 0x00, 0x00, 0x05, 0x6d, 0x75, 0x73, 0x69, 0x63, 0x00, 0x00,
    0x02, 0x6d, 0x61, 0x00, 0x00, 0x00, 0x00, 0x00, 0x02, 0x6d, 0x65, 0x00, 0x00, 0x00, 0x00, 0x00,
    0x02, 0x6d, 0x6f, 0x00, 0x00, 0x00, 0x00, 0x00, 0x02, 0x6d, 0x69, 0x00, 0x00, 0x00, 0x00, 0x00,
    0x03, 0x6d, 0x75, 0x73, 0x00, 0x00, 0x00, 0x00, 0x04, 0x6e, 0x6f, 0x74, 0x20, 0x00, 0x00, 0x00,
    0x05, 0x6e, 0x6f, 0x72, 0x74, 0x68, 0x00, 0x00, 0x03, 0x6e, 0x6f, 0x74, 0x00, 0x00, 0x00, 0x00,
    0x03, 0x6e, 0x6f, 0x72, 0x00, 0x00, 0x00, 0x00, 0x03, 0x6e, 0x65, 0x20, 0x00, 0x00, 0x00, 0x00,
    0x04, 0x6e, 0x65, 0x78, 0x74, 0x00, 0x00, 0x00, 0x03, 0x6e, 0x67, 0x20, 0x00, 0x00, 0x00, 0x00,
    0x03, 0x6e, 0x64, 0x20, 0x00, 0x00, 0x00, 0x00, 0x02, 0x6e, 0x20, 0x00, 0x00, 0x00, 0x00, 0x00,
    0x02, 0x6e, 0x6f, 0x00, 0x00, 0x00, 0x00, 0x00, 0x02, 0x6e, 0x65, 0x00, 0x00, 0x00, 0x00, 0x00,
    0x02, 0x6e, 0x67, 0x00, 0x00, 0x00, 0x00, 0x00, 0x02, 0x6e, 0x74, 0x00, 0x00, 0x00, 0x00, 0x00,
    0x00, 0x00, 0x00, 0x00, 0x00, 0x00, 0x00, 0x00, 0x02, 0x6e, 0x64, 0x00, 0x00, 0x00, 0x00, 0x00,
    0x02, 0x6e, 0x61, 0x00, 0x00, 0x00, 0x00, 0x00, 0x03, 0x6e, 0x69, 0x6e, 0x00, 0x00, 0x00, 0x00,
    0x06, 0x6f, 0x6e, 0x20, 0x6f, 0x6e, 0x20, 0x00, 0x05, 0x6f, 0x6e, 0x6c, 0x79, 0x20, 0x00, 0x00,
    0x03, 0x6f, 0x6e, 0x20, 0x00, 0x00, 0x00, 0x00, 0x04, 0x6f, 0x6e, 0x65, 0x20, 0x00, 0x00, 0x00,
    0x04, 0x6f, 0x6e, 0x6c, 0x79, 0x00, 0x00, 0x00, 0x04, 0x6f, 0x6e, 0x63, 0x65, 0x00, 0x00, 0x00,
    0x06, 0x6f, 0x72, 0x20, 0x6f, 0x72, 0x20, 0x00, 0x03, 0x6f, 0x72, 0x20, 0x00, 0x00, 0x00, 0x00,
    0x03, 0x6f, 0x75, 0x74, 0x00, 0x00, 0x00, 0x00, 0x03, 0x6f, 0x75, 0x72, 0x00, 0x00, 0x00, 0x00,
    0x27, 0x35, 0x20, 0x00, 0x00, 0x00, 0x00, 0x07, 0x07, 0x6f, 0x66, 0x20, 0x74, 0x68, 0x65, 0x20,
    0x04, 0x6f, 0x66, 0x20, 0x20, 0x00, 0x00, 0x00, 0x06, 0x6f, 0x66, 0x20, 0x6f, 0x66, 0x20, 0x00,
    0x05, 0x6f, 0x70, 0x65, 0x6e, 0x20, 0x00, 0x00, 0x04, 0x6f, 0x70, 0x65, 0x6e, 0x00, 0x00, 0x00,
    0x06, 0x6f, 0x74, 0x68, 0x65, 0x72, 0x20, 0x00, 0x03, 0x6f, 0x74, 0x68, 0x00, 0x00, 0x00, 0x00,
    0x02, 0x6f, 0x6e, 0x00, 0x00, 0x00, 0x00, 0x00, 0x02, 0x6f, 0x72, 0x00, 0x00, 0x00, 0x00, 0x00,
    0x02, 0x6f, 0x75, 0x00, 0x00, 0x00, 0x00, 0x00, 0x03, 0x6f, 0x66, 0x20, 0x00, 0x00, 0x00, 0x00,
    0x02, 0x6f, 0x70, 0x00, 0x00, 0x00, 0x00, 0x00, 0x00, 0x00, 0x00, 0x00, 0x00, 0x00, 0x00, 0x00,
    0x02, 0x6f, 0x20, 0x00, 0x00, 0x00, 0x00, 0x00, 0x02, 0x6f, 0x74, 0x00, 0x00, 0x00, 0x00, 0x00,
    0x02, 0x6f, 0x6c, 0x00, 0x00, 0x00, 0x00, 0x00, 0x02, 0x6f, 0x76, 0x00, 0x00, 0x00, 0x00, 0x00,
    0x02, 0x6f, 0x62, 0x00, 0x00, 0x00, 0x00, 0x00, 0x03, 0x70, 0x72, 0x20, 0x00, 0x00, 0x00, 0x00,
    0x03, 0x70, 0x72, 0x6f, 0x00, 0x00, 0x00, 0x00, 0x05, 0x70, 0x6c, 0x61, 0x69, 0x6e, 0x00, 0x00,
    0x03, 0x70, 0x6c, 0x61, 0x00, 0x00, 0x00, 0x00, 0x05, 0x70, 0x61, 0x70, 0x65, 0x72, 0x00, 0x00,
    0x03, 0x70, 0x61, 0x70, 0x00, 0x00, 0x00, 0x00, 0x03, 0x70, 0x61, 0x74, 0x00, 0x00, 0x00, 0x00,
    0x03, 0x70, 0x65, 0x72, 0x00, 0x00, 0x00, 0x00, 0x02, 0x70, 0x72, 0x00, 0x00, 0x00, 0x00, 0x00,
    0x02, 0x70, 0x6c, 0x00, 0x00, 0x00, 0x00, 0x00, 0x02, 0x70, 0x6f, 0x00, 0x00, 0x00, 0x00, 0x00,
    0x02, 0x70, 0x61, 0x00, 0x00, 0x00, 0x00, 0x00, 0x02, 0x70, 0x65, 0x00, 0x00, 0x00, 0x00, 0x00,
    0x27, 0x56, 0x2e, 0x00, 0x00, 0x00, 0x00, 0x07, 0x27, 0x56, 0x20, 0x00, 0x00, 0x00, 0x00, 0x07,
    0x07, 0x72, 0x65, 0x71, 0x75, 0x65, 0x73, 0x74, 0x07, 0x72, 0x65, 0x71, 0x75, 0x69, 0x72, 0x65,
    0x05, 0x72, 0x65, 0x71, 0x75, 0x65, 0x00, 0x00, 0x05, 0x72, 0x65, 0x71, 0x75, 0x69, 0x00, 0x00,
    0x05, 0x72, 0x65, 0x61, 0x64, 0x79, 0x00, 0x00, 0x05, 0x72, 0x65, 0x73, 0x74, 0x20, 0x00, 0x00,
    0xa7, 0x65, 0x73, 0x73, 0x75, 0x65, 0x20, 0x03, 0x07, 0x72, 0x65, 0x66, 0x65, 0x72, 0x65, 0x6e,
    0x05, 0x72, 0x65, 0x66, 0x65, 0x72, 0x00, 0x00, 0x04, 0x72, 0x65, 0x71, 0x75, 0x00, 0x00, 0x00,
    0x03, 0x72, 0x65, 0x20, 0x00, 0x00, 0x00, 0x00, 0x03, 0x72, 0x65, 0x61, 0x00, 0x00, 0x00, 0x00,
    0x03, 0x72, 0x65, 0x63, 0x00, 0x00, 0x00, 0x00, 0x03, 0x72, 0x65, 0x73, 0x00, 0x00, 0x00, 0x00,
    0x00, 0x00, 0x00, 0x00, 0x00, 0x00, 0x00, 0x00, 0x03, 0x72, 0x65, 0x69, 0x00, 0x00, 0x00, 0x00,
    0x03, 0x72, 0x65, 0x66, 0x00, 0x00, 0x00, 0x00, 0x03, 0x72, 0x65, 0x74, 0x00, 0x00, 0x00, 0x00,
    0x06, 0x72, 0x6f, 0x75, 0x6e, 0x64, 0x20, 0x00, 0x05, 0x72, 0x6f, 0x75, 0x6e, 0x64, 0x00, 0x00,
    0x03, 0x72, 0x6f, 0x75, 0x00, 0x00, 0x00, 0x00, 0x04, 0x72, 0x6f, 0x6f, 0x6d, 0x00, 0x00, 0x00,
    0x05, 0x72, 0x69, 0x76, 0x65, 0x72, 0x00, 0x00, 0x03, 0x72, 0x69, 0x76, 0x00, 0x00, 0x00, 0x00,
    0x04, 0x72, 0x61, 0x69, 0x6e, 0x00, 0x00, 0x00, 0x02, 0x72, 0x65, 0x00, 0x00, 0x00, 0x00, 0x00,
    0x02, 0x72, 0x20, 0x00, 0x00, 0x00, 0x00, 0x00, 0x02, 0x72, 0x6f, 0x00, 0x00, 0x00, 0x00, 0x00,
    0x02, 0x72, 0x69, 0x00, 0x00, 0x00, 0x00, 0x00, 0x02, 0x72, 0x61, 0x00, 0x00, 0x00, 0x00, 0x00,
    0x00, 0x00, 0x00, 0x00, 0x00, 0x00, 0x00, 0x00, 0x02, 0x72, 0x75, 0x00, 0x00, 0x00, 0x00, 0x00,
    0x04, 0x73, 0x65, 0x74, 0x20, 0x00, 0x00, 0x00, 0x05, 0x73, 0x65, 0x74, 0x2e, 0x20, 0x00, 0x00,
    0x04, 0x73, 0x65, 0x74, 0x73, 0x00, 0x00, 0x00, 0x06, 0x73, 0x65, 0x63, 0x6f, 0x6e, 0x64, 0x00,
    0x03, 0x73, 0x65, 0x74, 0x00, 0x00, 0x00, 0x00, 0x03, 0x73, 0x65, 0x20, 0x00, 0x00, 0x00, 0x00,
    0x04, 0x73, 0x65, 0x65, 0x6d, 0x00, 0x00, 0x00, 0x04, 0x73, 0x65, 0x63, 0x6f, 0x00, 0x00, 0x00,
    0x04, 0x73, 0x65, 0x72, 0x76, 0x00, 0x00, 0x00, 0xa7, 0x81, 0x72, 0x61, 0x67, 0x65, 0x20, 0x03,
    0x04, 0x73, 0x74, 0x61, 0x74, 0x00, 0x00, 0x00, 0x03, 0x73, 0x74, 0x6f, 0x00, 0x00, 0x00, 0x00,
    0x03, 0x73, 0x74, 0x61, 0x00, 0x00, 0x00, 0x00, 0x03, 0x73, 0x74, 0x72, 0x00, 0x00, 0x00, 0x00,
    0x05, 0x73, 0x6f, 0x6d, 0x65, 0x20, 0x00, 0x00, 0x67, 0x87, 0x65, 0x64, 0x20, 0x00, 0x00, 0x07,
    0x47, 0x87, 0x65, 0x64, 0x00, 0x00, 0x00, 0x07, 0x07, 0x73, 0x70, 0x65, 0x63, 0x69, 0x66, 0x69,
    0x06, 0x73, 0x70, 0x65, 0x63, 0x69, 0x66, 0x00, 0x05, 0x73, 0x70, 0x65, 0x63, 0x69, 0x00, 0x00,
    0x03, 0x73, 0x70, 0x65, 0x00, 0x00, 0x00, 0x00, 0x06, 0x73, 0x70, 0x61, 0x63, 0x65, 0x20, 0x00,
    0x05, 0x73, 0x61, 0x69, 0x64, 0x20, 0x00, 0x00, 0x05, 0x73, 0x61, 0x6d, 0x65, 0x20, 0x00, 0x00,
    0x04, 0x73, 0x75, 0x72, 0x65, 0x00, 0x00, 0x00, 0x07, 0x73, 0x79, 0x73, 0x74, 0x65, 0x6d, 0x20,
    0x02, 0x73, 0x65, 0x00, 0x00, 0x00, 0x00, 0x00, 0x02, 0x73, 0x74, 0x00, 0x00, 0x00, 0x00, 0x00,
    0x02, 0x73, 0x6f, 0x00, 0x00, 0x00, 0x00, 0x00, 0x02, 0x73, 0x20, 0x00, 0x00, 0x00, 0x00, 0x00,
    0x02, 0x73, 0x70, 0x00, 0x00, 0x00, 0x00, 0x00, 0x00, 0x00, 0x00, 0x00, 0x00, 0x00, 0x00, 0x00,
    0x02, 0x73, 0x69, 0x00, 0x00, 0x00, 0x00, 0x00, 0x02, 0x73, 0x61, 0x00, 0x00, 0x00, 0x00, 0x00,
    0x02, 0x73, 0x75, 0x00, 0x00, 0x00, 0x00, 0x00, 0x02, 0x73, 0x79, 0x00, 0x00, 0x00, 0x00, 0x00,
    0x03, 0x73, 0x68, 0x65, 0x00, 0x00, 0x00, 0x00, 0x02, 0x73, 0x6c, 0x00, 0x00, 0x00, 0x00, 0x00,
    0x06, 0x74, 0x68, 0x65, 0x72, 0x65, 0x20, 0x00, 0x04, 0x74, 0x68, 0x65, 0x20, 0x00, 0x00, 0x00,
    0x04, 0x74, 0x68, 0x65, 0x72, 0x00, 0x00, 0x00, 0x05, 0x74, 0x68, 0x65, 0x79, 0x20, 0x00, 0x00,
    0x06, 0x74, 0x68, 0x65, 0x69, 0x72, 0x20, 0x00, 0x06, 0x74, 0x68, 0x61, 0x74, 0x20, 0x20, 0x00,
    0x05, 0x74, 0x68, 0x61, 0x74, 0x20, 0x00, 0x00, 0x05, 0x74, 0x68, 0x6f, 0x73, 0x65, 0x00, 0x00,
    0x03, 0x74, 0x68, 0x65, 0x00, 0x00, 0x00, 0x00, 0x03, 0x74, 0x68, 0x61, 0x00, 0x00, 0x00, 0x00,
    0x03, 0x74, 0x68, 0x6f, 0x00, 0x00, 0x00, 0x00, 0x05, 0x74, 0x68, 0x69, 0x73, 0x20, 0x00, 0x00,
    0x03, 0x74, 0x20, 0x20, 0x00, 0x00, 0x00, 0x00, 0x07, 0x74, 0x6f, 0x20, 0x74, 0x68, 0x65, 0x20,
    0x06, 0x74, 0x6f, 0x20, 0x74, 0x6f, 0x20, 0x00, 0x04, 0x74, 0x6f, 0x20, 0x74, 0x00, 0x00, 0x00,
    0x47, 0xad, 0x72, 0x20, 0x00, 0x00, 0x00, 0x07, 0x07, 0x74, 0x6f, 0x67, 0x65, 0x74, 0x68, 0x65,
    0x03, 0x74, 0x6f, 0x20, 0x00, 0x00, 0x00, 0x00, 0x05, 0x74, 0x6f, 0x67, 0x65, 0x74, 0x00, 0x00,
    0x04, 0x74, 0x6f, 0x6f, 0x6b, 0x00, 0x00, 0x00, 0x03, 0x74, 0x6f, 0x77, 0x00, 0x00, 0x00, 0x00,
    0x03, 0x74, 0x65, 0x20, 0x00, 0x00, 0x00, 0x00, 0x03, 0x74, 0x65, 0x72, 0x00, 0x00, 0x00, 0x00,
    0x04, 0x74, 0x65, 0x6e, 0x20, 0x00, 0x00, 0x00, 0x04, 0x74, 0x65, 0x64, 0x20, 0x00, 0x00, 0x00,
    0x05, 0x74, 0x69, 0x6f, 0x6e, 0x20, 0x00, 0x00, 0x04, 0x74, 0x69, 0x6f, 0x6e, 0x00, 0x00, 0x00,
    0x05, 0x74, 0x61, 0x70, 0x65, 0x20, 0x00, 0x00, 0x02, 0x74, 0x68, 0x00, 0x00, 0x00, 0x00, 0x00,
    0x02, 0x74, 0x20, 0x00, 0x00, 0x00, 0x00, 0x00, 0x02, 0x74, 0x6f, 0x00, 0x00, 0x00, 0x00, 0x00,
    0x02, 0x74, 0x65, 0x00, 0x00, 0x00, 0x00, 0x00, 0x02, 0x74, 0x69, 0x00, 0x00, 0x00, 0x00, 0x00,
    0x00, 0x00, 0x00, 0x00, 0x00, 0x00, 0x00, 0x00, 0x02, 0x74, 0x61, 0x00, 0x00, 0x00, 0x00, 0x00,
    0x02, 0x74, 0x72, 0x00, 0x00, 0x00, 0x00, 0x00, 0x06, 0x75, 0x6e, 0x64, 0x65, 0x72, 0x20, 0x00,
    0x05, 0x75, 0x6e, 0x64, 0x65, 0x72, 0x00, 0x00, 0x05, 0x75, 0x6e, 0x74, 0x69, 0x6c, 0x00, 0x00,
    0x03, 0x75, 0x6e, 0x64, 0x00, 0x00, 0x00, 0x00, 0x03, 0x75, 0x6e, 0x74, 0x00, 0x00, 0x00, 0x00,
    0x04, 0x75, 0x6e, 0x69, 0x74, 0x00, 0x00, 0x00, 0x04, 0x75, 0x73, 0x65, 0x20, 0x00, 0x00, 0x00,
    0x05, 0x75, 0x73, 0x75, 0x61, 0x6c, 0x00, 0x00, 0x03, 0x75, 0x73, 0x65, 0x00, 0x00, 0x00, 0x00,
    0x03, 0x75, 0x73, 0x75, 0x00, 0x00, 0x00, 0x00, 0x06, 0x75, 0x70, 0x20, 0x75, 0x70, 0x20, 0x00,
    0x02, 0x75, 0x6e, 0x00, 0x00, 0x00, 0x00, 0x00, 0x02, 0x75, 0x73, 0x00, 0x00, 0x00, 0x00, 0x00,
    0x02, 0x75, 0x72, 0x00, 0x00, 0x00, 0x00, 0x00, 0x02, 0x75, 0x74, 0x00, 0x00, 0x00, 0x00, 0x00,
    0x03, 0x75, 0x67, 0x20, 0x00, 0x00, 0x00, 0x00, 0x00, 0x00, 0x00, 0x00, 0x00, 0x00, 0x00, 0x00,
    0x02, 0x75, 0x70, 0x00, 0x00, 0x00, 0x00, 0x00, 0x27, 0xd5, 0x20, 0x00, 0x00, 0x00, 0x00, 0x07,
    0x07, 0x76, 0x6f, 0x6c, 0x75, 0x6d, 0x65, 0x20, 0x07, 0x76, 0x6f, 0x6c, 0x75, 0x6d, 0x65, 0x73,
    0x06, 0x76, 0x6f, 0x6c, 0x75, 0x6d, 0x65, 0x00, 0x04, 0x76, 0x6f, 0x6c, 0x75, 0x00, 0x00, 0x00,
    0x02, 0x76, 0x6f, 0x00, 0x00, 0x00, 0x00, 0x00, 0x02, 0x76, 0x65, 0x00, 0x00, 0x00, 0x00, 0x00,
    0x06, 0x77, 0x68, 0x65, 0x72, 0x65, 0x20, 0x00, 0x05, 0x77, 0x68, 0x65, 0x6e, 0x20, 0x00, 0x00,
    0x05, 0x77, 0x68, 0x65, 0x72, 0x65, 0x00, 0x00, 0x06, 0x77, 0x68, 0x69, 0x63, 0x68, 0x20, 0x00,
    0x05, 0x77, 0x68, 0x69, 0x74, 0x65, 0x00, 0x00, 0x03, 0x77, 0x68, 0x65, 0x00, 0x00, 0x00, 0x00,
    0x03, 0x77, 0x68, 0x69, 0x00, 0x00, 0x00, 0x00, 0x05, 0x77, 0x68, 0x61, 0x74, 0x20, 0x00, 0x00,
    0x05, 0x77, 0x61, 0x73, 0x20, 0x20, 0x00, 0x00, 0x05, 0x77, 0x61, 0x74, 0x63, 0x68, 0x00, 0x00,
    0x04, 0x77, 0x61, 0x73, 0x20, 0x00, 0x00, 0x00, 0x03, 0x77, 0x61, 0x74, 0x00, 0x00, 0x00, 0x00,
    0x04, 0x77, 0x61, 0x6c, 0x6b, 0x00, 0x00, 0x00, 0x05, 0x77, 0x6f, 0x72, 0x64, 0x20, 0x00, 0x00,
    0x04, 0x77, 0x6f, 0x6f, 0x64, 0x00, 0x00, 0x00, 0x05, 0x77, 0x69, 0x74, 0x68, 0x20, 0x00, 0x00,
    0x04, 0x77, 0x69, 0x74, 0x68, 0x00, 0x00, 0x00, 0x05, 0x77, 0x65, 0x72, 0x65, 0x20, 0x00, 0x00,
    0x06, 0x77, 0x65, 0x20, 0x77, 0x65, 0x20, 0x00, 0x02, 0x77, 0x68, 0x00, 0x00, 0x00, 0x00, 0x00,
    0x02, 0x77, 0x61, 0x00, 0x00, 0x00, 0x00, 0x00, 0x02, 0x77, 0x6f, 0x00, 0x00, 0x00, 0x00, 0x00,
    0x02, 0x77, 0x20, 0x00, 0x00, 0x00, 0x00, 0x00, 0x02, 0x77, 0x69, 0x00, 0x00, 0x00, 0x00, 0x00,
    0x00, 0x00, 0x00, 0x00, 0x00, 0x00, 0x00, 0x00, 0x02, 0x77, 0x65, 0x00, 0x00, 0x00, 0x00, 0x00,
    0x05, 0x79, 0x6f, 0x75, 0x72, 0x20, 0x00, 0x00, 0x05, 0x79, 0x6f, 0x75, 0x6e, 0x67, 0x00, 0x00,
    0x05, 0x79, 0x65, 0x61, 0x72, 0x20, 0x00, 0x00, 0x04, 0x79, 0x65, 0x61, 0x72, 0x00, 0x00, 0x00,
    0x06, 0x79, 0x73, 0x74, 0x65, 0x6d, 0x20, 0x00, 0x02, 0x79, 0x20, 0x00, 0x00, 0x00, 0x00, 0x00,
    0x03, 0x79, 0x6f, 0x75, 0x00, 0x00, 0x00, 0x00, 0x02, 0x79, 0x65, 0x00, 0x00, 0x00, 0x00, 0x00,
    0x02, 0x79, 0x73, 0x00, 0x00, 0x00, 0x00, 0x00, 0x03, 0x7c, 0x20, 0x20, 0x00, 0x00, 0x00, 0x00,
    0x03, 0x7c, 0x20, 0x2a, 0x00, 0x00, 0x00, 0x00, 0x02, 0x7c, 0x20, 0x00, 0x00, 0x00, 0x00, 0x00,
    0x00, 0x00, 0x40, 0x00, 0x00, 0x00, 0x17, 0xb4, 0x5d, 0x9b, 0x09, 0x9c, 0x64, 0x57, 0x55, 0xf0,
    0x1f, 0xf5, 0x5e, 0x55, 0x85, 0x21, 0x04, 0x18, 0x59, 0x22, 0x90, 0x58, 0x43, 0x06, 0x26, 0x0c,
    0x53, 0x53, 0xef, 0xdd, 0xb7, 0xd6, 0x18, 0x3f, 0x53, 0xe9, 0x9e, 0x49, 0x32, 0x4e, 0x26, 0x98,
    0x09, 0x48, 0x22, 0x22, 0x35, 0x5d, 0xaf, 0xbb, 0x2b, 0xe9, 0xae, 0x6a, 0xaa, 0xaa, 0xd3, 0x19,
    0xe5, 0x13, 0x5b, 0x07, 0x82, 0x3b, 0xb8, 0xef, 0x3a, 0x4a, 0x42, 0x54, 0x70, 0x17, 0x77, 0x54,
    0x5c, 0x51, 0xa2, 0x22, 0xa2, 0xe2, 0x46, 0x54, 0x54, 0x14, 0x57, 0xc4, 0xf5, 0x5b, 0xf4, 0xdc,
    0x73, 0xfe, 0x3d, 0x5b, 0x75, 0xff, 0xf2, 0x9f, 0x73, 0xdf, 0xbd, 0xe7, 0x9e, 0x73, 0xee, 0xb9,
    0xdb, 0xab, 0xce, 0x53, 0x02, 0xfb, 0x3c, 0x85, 0x7f, 0x3c, 0xa5, 0x01, 0x43, 0x18, 0xc1, 0x26,
    0x6c, 0xc1, 0x36, 0xbc, 0x06, 0x3e, 0x15, 0xee, 0x83, 0x4f, 0x83, 0xd7, 0xc2, 0xa7, 0xc3, 0xeb,
    0xe0, 0x33, 0xe0, 0x33, 0xe1, 0xb3, 0xe0, 0x7e, 0xf8, 0x49, 0xf0, 0xd9, 0xf0, 0x39, 0xf0, 0xb9,
    0xf0, 0x79, 0xf0, 0x7a, 0xf8, 0xc9, 0xf0, 0xf9, 0xf0, 0x05, 0xf0, 0x85, 0xf0, 0x06, 0x78, 0x23,
    0xfc, 0x14, 0xd8, 0x81, 0x07, 0xe0, 0x8b, 0xe0, 0x4d, 0xf0, 0x20, 0x7c, 0x31, 0x7c, 0x09, 0x3c,
    0x04, 0x6f, 0x86, 0x2f, 0x85, 0x87, 0xe1, 0xcb, 0xe0, 0x11, 0xd8, 0x85, 0x47, 0x61, 0x0f, 0xc6,
    0x30, 0x81, 0x0e, 0xa6, 0x30, 0x83, 0x39, 0x2c, 0x60, 0x09, 0x2b, 0xd8, 0x87, 0xc7, 0xe0, 0xa7,
    0xc2, 0x5b, 0xe0, 0xa7, 0xc1, 0xff, 0x05, 0x3f, 0x1d, 0xde, 0x0a, 0x07, 0xf0, 0x36, 0xb8, 0x04,
    0x97, 0xe1, 0x71, 0x78, 0x02, 0xde, 0x0e, 0xef, 0x80, 0x77, 0xc2, 0x93, 0xf0, 0x33, 0xe0, 0x29,
    0x78, 0x17, 0x3c, 0x0d, 0xef, 0x86, 0x2f, 0x87, 0x9f, 0x09, 0xef, 0x81, 0x67, 0xe0, 0xbd, 0xf0,
    0x15, 0xf0, 0x95, 0xf0, 0xb3, 0xe0, 0xab, 0xe0, 0x7d, 0xf0, 0x7e, 0xf8, 0xd9, 0xf0, 0xd5, 0xf0,
    0x73, 0xe0, 0x6b, 0xe0, 0xe7, 0xc2, 0xd7, 0xc2, 0x21, 0x3c, 0x0b, 0x57, 0xe0, 0x08, 0xd6, 0x70,
    0x15, 0xae, 0xc1, 0x75, 0x38, 0x86, 0x0f, 0xc0, 0x07, 0xe1, 0x06, 0xdc, 0x84, 0x13, 0x38, 0x85,
    0x5b, 0xf0, 0x75, 0x70, 0x06, 0xe7, 0x70, 0x01, 0xb7, 0xe1, 0x43, 0x70, 0x07, 0x3e, 0x0c, 0xcf,
    0xc1, 0xcf, 0x83, 0x9f, 0x0f, 0x5f, 0x0f, 0xff, 0x37, 0xfc, 0x02, 0xf8, 0x06, 0xf8, 0x85, 0x70,
    0x17, 0x7e, 0x11, 0xfc, 0x62, 0x78, 0x1e, 0xbe, 0x11, 0xbe, 0x09, 0x3e, 0x02, 0xdf, 0x0c, 0xbf,
    0x04, 0x7e, 0x29, 0xfc, 0x32, 0xf8, 0xe5, 0xf0, 0x2b, 0xe0, 0x57, 0xc2, 0xaf, 0x82, 0x6f, 0x81,
    0x6f, 0x85, 0x5f, 0x0d, 0xbf, 0x06, 0x7e, 0x2d, 0xfc, 0x3a, 0xf8, 0xf5, 0xf0, 0x1b, 0xe0, 0x37,
    0xc2, 0x6f, 0x82, 0xdf, 0x0c, 0xbf, 0x05, 0x7e, 0x2b, 0xfc, 0x36, 0xf8, 0xed, 0xf0, 0x3b, 0xe0,
    0x77, 0xc2, 0x0b, 0xf0, 0xbb, 0xe0, 0x77, 0xc3, 0xb7, 0xc1, 0x47, 0xe1, 0x63, 0xf0, 0xed, 0xf0,
    0x71, 0xf8, 0x3d, 0xf0, 0x7b, 0xe1, 0xf7, 0xc1, 0x77, 0xc0, 0x77, 0xc2, 0xef, 0x87, 0x3f, 0x00,
    0x7f, 0x10, 0xfe, 0x10, 0xfc, 0x61, 0xf8, 0x23, 0xf0, 0x47, 0xe1, 0x8f, 0xc1, 0x77, 0xc1, 0x1f,
    0x87, 0x3f, 0x01, 0x7f, 0x12, 0xfe, 0x14, 0xfc, 0x69, 0xf8, 0x33, 0xf0, 0x67, 0xe1, 0xbb, 0xe1,
    0xcf, 0xc1, 0x9f, 0x87, 0xbf, 0x00, 0xdf, 0x03, 0x7f, 0x11, 0xfe, 0x12, 0xfc, 0x65, 0xf8, 0x2b,
    0xf0, 0x57, 0xe1, 0xaf, 0xc1, 0xf7, 0xc2, 0x5f, 0x87, 0xbf, 0x01, 0xdf, 0x07, 0x9f, 0x80, 0xbf,
    0x09, 0x7f, 0x0b, 0xfe, 0x36, 0x7c, 0x3f, 0xfc, 0x1d, 0xf8, 0x01, 0xf8, 0xbb, 0xf0, 0x83, 0xf0,
    0xf7, 0xe0, 0xef, 0xc3, 0x3f, 0x80, 0x1f, 0x82, 0x7f, 0x08, 0xff, 0x08, 0xfe, 0x31, 0xfc, 0x13,
    0xf8, 0xa7, 0xf0, 0xc3, 0xf0, 0x49, 0xf8, 0x67, 0xf0, 0xcf, 0xe1, 0x5f, 0xc0, 0x8f, 0xc0, 0xbf,
    0x84, 0x7f, 0x05, 0xff, 0x1a, 0x7e, 0x14, 0xfe, 0x0d, 0xfc, 0x5b, 0xf8, 0x31, 0xf8, 0x77, 0xf0,
    0xef, 0xe1, 0x3f, 0xc0, 0x7f, 0x84, 0xff, 0x04, 0xff, 0x19, 0x7e, 0x1c, 0xfe, 0x0b, 0xfc, 0x04,
    0xfc, 0x57, 0xf8, 0x6f, 0xf0, 0xdf, 0xe1, 0x7f, 0xc0, 0xff, 0x84, 0xff, 0x05, 0xff, 0x0f, 0xfc,
    0xbf, 0xf0, 0xff, 0xc1, 0xff, 0x0f, 0xff, 0xdb, 0x18, 0xee, 0xeb, 0x74, 0xe0, 0x51, 0xa8, 0x3b,
    0x78, 0x63, 0x9f, 0x16, 0x07, 0x83, 0xa6, 0x3e, 0xdf, 0x18, 0xb4, 0x94, 0x0f, 0xec, 0x5e, 0xd3,
    0x91, 0x4f, 0xb0, 0x3a, 0xb8, 0x46, 0xe5, 0xd5, 0xc1, 0x53, 0x95, 0xa3, 0xdd, 0xa7, 0x69, 0xf9,
    0x6b, 0x07, 0x4f, 0x53, 0xf9, 0xb5, 0x83, 0x6b, 0x95, 0xaf, 0xd9, 0xbd, 0x4e, 0xcb, 0xef, 0x1f,
    0x5c, 0xa7, 0xf2, 0xfd, 0x83, 0x67, 0x28, 0x5f, 0xb5, 0xfb, 0x2c, 0x2d, 0xbf, 0x77, 0xf0, 0x2c,
    0x95, 0xef, 0x1d, 0xec, 0x57, 0xde, 0xb3, 0xfb, 0x6c, 0x2d, 0x3f, 0x3d, 0x78, 0xb6, 0xca, 0xa7,
    0x07, 0xcf, 0x51, 0x9e, 0xda, 0x7d, 0x9e, 0x96, 0xdf, 0x31, 0x78, 0x9e, 0xca, 0x77, 0x0c, 0xae,
    0x57, 0x9e, 0xd8, 0x7d, 0xbe, 0x96, 0xdf, 0x36, 0x78, 0xbe, 0xca, 0xb7, 0x0d, 0x5e, 0xa0, 0xbc,
    0x75, 0xf7, 0x06, 0x2d, 0xbf, 0x65, 0x70, 0x83, 0xca, 0xb7, 0x0c, 0x6e, 0x54, 0x1e, 0xdb, 0x3d,
    0xa0, 0xe5, 0xc5, 0xe0, 0x80, 0xca, 0xc5, 0x81, 0x03, 0x1e, 0x22, 0xdf, 0xa4, 0x72, 0x76, 0xe1,
    0xc5, 0xfe, 0x79, 0x27, 0xde, 0x55, 0x06, 0xf1, 0xe0, 0xc5, 0x5a, 0x1e, 0x0f, 0x5e, 0xa2, 0x3c,
    0xba, 0x7b, 0xb3, 0x96, 0x1f, 0x1e, 0xdc, 0xac, 0xf2, 0xe1, 0xc1, 0x61, 0xe5, 0xcd, 0x17, 0x8e,
    0x6a, 0xbb, 0x83, 0xbb, 0xca, 0xe0, 0xe0, 0xd0, 0x33, 0x08, 0x0e, 0x0e, 0x8e, 0xea, 0xf3, 0x83,
    0x07, 0x8e, 0x6a, 0x3f, 0x07, 0x07, 0xb1, 0xca, 0x2f, 0xba, 0x90, 0x6a, 0xfd, 0x1b, 0x77, 0x95,
    0xc1, 0x8d, 0x83, 0x54, 0xcb, 0x6f, 0x3c, 0x90, 0x6a, 0xbd, 0x1b, 0x07, 0x99, 0xca, 0x2f, 0xdc,
    0x2d, 0xf4, 0xf9, 0xf5, 0x83, 0x42, 0xe5, 0xeb, 0x07, 0xa5, 0xf2, 0xb9, 0xbb, 0xc7, 0xb4, 0x7c,
    0xff, 0xf0, 0x98, 0xf6, 0xb3, 0x7f, 0x70, 0x4c, 0xcb, 0xf7, 0x0f, 0x6e, 0x51, 0x3e, 0xf3, 0xc2,
    0xad, 0xaa, 0xff, 0xda, 0x5d, 0x65, 0x70, 0xed, 0xf0, 0x56, 0xad, 0x77, 0xed, 0xe0, 0x56, 0x7d,
    0x7e, 0xed, 0x81, 0x5b, 0xb5, 0x9f, 0x6b, 0x2f, 0x1c, 0xd7, 0x7a, 0xed, 0x5d, 0x65, 0xd0, 0x1e,
    0x1e, 0xd7, 0x7a, 0xed, 0xc1, 0x71, 0xad, 0xd7, 0x3e, 0x70, 0x5c, 0xeb, 0xb5, 0xdb, 0x1d, 0xfb,
    0xb4, 0x0c, 0x41, 0xd3, 0x10, 0x44, 0x86, 0x20, 0x34, 0x04, 0x0d, 0x43, 0x10, 0x1e, 0xb2, 0x04,
    0x12, 0x26, 0x9e, 0x17, 0x4e, 0x8f, 0x27, 0x6b, 0xc7, 0x3a, 0xd7, 0xec, 0xde, 0x7d, 0x57, 0x3d,
    0x9c, 0x04, 0x51, 0x74, 0xe8, 0xc8, 0xd2, 0x21, 0x7d, 0x4e, 0xbb, 0x43, 0x76, 0x70, 0x6c, 0x1c,
    0x3a, 0x02, 0x5f, 0x0d, 0x3b, 0xd0, 0x0e, 0x5c, 0x8d, 0x97, 0x9a, 0xdc, 0x3a, 0xdc, 0xf1, 0x3f,
    0xc1, 0x85, 0xfb, 0x0e, 0xfb, 0xcf, 0xd3, 0x2f, 0xdc, 0xaf, 0xbc, 0xe6, 0xc2, 0xab, 0x95, 0x61,
    0x28, 0x4f, 0xb5, 0x7f, 0x11, 0x94, 0x47, 0x32, 0x3d, 0x51, 0x35, 0x8e, 0xa0, 0xef, 0x48, 0x0c,
    0x33, 0x98, 0x40, 0x0e, 0x5a, 0x7c, 0x1a, 0x47, 0x52, 0xe8, 0xa0, 0x1d, 0xc0, 0x5a, 0x5d, 0x17,
    0x27, 0x79, 0xc7, 0x58, 0xc2, 0x02, 0x3a, 0x68, 0x63, 0x79, 0xa9, 0x7e, 0x4c, 0x79, 0x06, 0xab,
    0x4e, 0x10, 0x79, 0xf2, 0xdc, 0xf1, 0x3c, 0xee, 0x77, 0x82, 0x50, 0xe8, 0xdb, 0x85, 0xdd, 0x44,
    0x95, 0x44, 0xdd, 0x58, 0xff, 0xd1, 0xe8, 0x62, 0x47, 0x17, 0x7b, 0xbb, 0x31, 0xec, 0x58, 0xdc,
    0x2d, 0xdf, 0x82, 0xd6, 0xd1, 0x8e, 0xff, 0x09, 0xa2, 0xa3, 0xf2, 0xf1, 0xcf, 0x8f, 0xee, 0x3d,
    0x57, 0x31, 0x68, 0xf6, 0xc4, 0x7a, 0x07, 0x13, 0x65, 0x89, 0x9c, 0x5e, 0xa4, 0x95, 0x67, 0xc8,
    0x19, 0xb2, 0x43, 0x76, 0xc8, 0x31, 0x72, 0x8c, 0x5c, 0x79, 0x39, 0xf2, 0x7a, 0x03, 0x65, 0x09,
    0x53, 0x98, 0x41, 0x67, 0x16, 0xd9, 0x27, 0xf2, 0xed, 0x8d, 0x55, 0xc7, 0xec, 0x2b, 0xbc, 0x9e,
    0xb0, 0x67, 0xfe, 0x37, 0x7b, 0x12, 0x15, 0xd5, 0xeb, 0xa3, 0xe3, 0xcb, 0xe3, 0xbe, 0xb5, 0xb3,
    0xb8, 0xb4, 0x7a, 0xc4, 0xb5, 0x47, 0xfc, 0x7b, 0xc4, 0xbb, 0xc7, 0x38, 0xf5, 0xae, 0x1a, 0x8f,
    0x1e, 0xf1, 0xef, 0x59, 0xfc, 0x3d, 0xf7, 0xf4, 0xf8, 0x7f, 0x85, 0x3d, 0x8b, 0x7f, 0xa3, 0x47,
    0x9c, 0x7b, 0x31, 0xb4, 0xf8, 0xb7, 0xe2, 0xa4, 0x17, 0x57, 0x3d, 0x63, 0x09, 0x13, 0x98, 0xc1,
    0xbc, 0x77, 0xa9, 0x3f, 0x2f, 0x17, 0x94, 0xf7, 0xa1, 0x83, 0xa9, 0x31, 0x89, 0x21, 0x7a, 0x12,
    0x79, 0x1e, 0xf9, 0xe7, 0xde, 0x3e, 0x2f, 0x43, 0x07, 0x53, 0xa3, 0xfa, 0x1f, 0xc5, 0x16, 0xcf,
    0x28, 0x26, 0xde, 0x9a, 0x8d, 0xca, 0x14, 0x66, 0xb0, 0x8b, 0x9e, 0x2e, 0x7a, 0x35, 0xa3, 0x42,
    0x6f, 0xbc, 0x31, 0x81, 0x0e, 0xe6, 0x50, 0x6f, 0x1c, 0x5c, 0x37, 0xbc, 0x1c, 0xc3, 0x3e, 0x2c,
    0x60, 0x0a, 0x33, 0xa8, 0x37, 0x9f, 0x28, 0xb6, 0x71, 0x6d, 0xc7, 0xfe, 0x93, 0xa4, 0xc6, 0x13,
    0x83, 0x96, 0xc9, 0x81, 0xf1, 0x44, 0x70, 0xe0, 0x03, 0xaa, 0xa6, 0xad, 0xcf, 0xb3, 0x34, 0x85,
    0xcb, 0x30, 0x86, 0x4b, 0x46, 0x77, 0x1b, 0x1c, 0x40, 0xea, 0x65, 0x49, 0xcb, 0xea, 0x99, 0xde,
    0xcc, 0xc1, 0xcc, 0x28, 0x26, 0x6a, 0xbd, 0xe4, 0xb6, 0xbc, 0xe9, 0x29, 0x9e, 0x28, 0x33, 0x98,
    0x78, 0x7b, 0x63, 0x9d, 0x48, 0x91, 0x3d, 0x16, 0x3f, 0x62, 0xe2, 0x12, 0xe3, 0x57, 0x4c, 0x5c,
    0x62, 0x6e, 0x64, 0x7b, 0x71, 0x89, 0x4b, 0xb8, 0x04, 0x97, 0xe1, 0x71, 0x78, 0x1b, 0xec, 0xa8,
    0xa3, 0x92, 0x0c, 0x92, 0x3f, 0xae, 0x65, 0x34, 0x39, 0x45, 0x4e, 0x91, 0x73, 0xe4, 0x1c, 0x39,
    0x43, 0xce, 0x90, 0x8b, 0x5e, 0x02, 0x9d, 0x32, 0x41, 0x4e, 0x90, 0x5d, 0x2f, 0xd1, 0xfa, 0x92,
    0x77, 0x4d, 0xed, 0x27, 0x30, 0xa6, 0x30, 0x87, 0x99, 0xcf, 0x53, 0xd5, 0x73, 0xd1, 0x9f, 0x96,
    0xe9, 0x31, 0x3a, 0x58, 0xa1, 0xa7, 0x6f, 0xcf, 0x2d, 0x6f, 0xfb, 0x9a, 0xaf, 0x4a, 0xea, 0x27,
    0x29, 0xcc, 0xae, 0xd4, 0x97, 0xe4, 0x94, 0x17, 0xb0, 0x84, 0x15, 0xec, 0x9b, 0x5f, 0x4e, 0xec,
    0x6f, 0x2a, 0xad, 0x9d, 0x43, 0xbf, 0x43, 0xaf, 0xcb, 0xe0, 0x15, 0xf3, 0x4c, 0x64, 0xf4, 0x3a,
    0xf4, 0x3a, 0xf4, 0x3a, 0xd1, 0x1b, 0x79, 0xbb, 0x75, 0x5c, 0xfb, 0xcc, 0xa7, 0x3e, 0xf3, 0xa9,
    0xcf, 0x7c, 0xea, 0x33, 0x3f, 0xfa, 0x5d, 0xca, 0xbb, 0x36, 0xfe, 0x7d, 0xe6, 0x47, 0xbf, 0x6b,
    0xfd, 0x38, 0xe6, 0xbd, 0x63, 0x1d, 0x70, 0xcc, 0x7b, 0xa7, 0xe3, 0xa4, 0xbc, 0x22, 0x8e, 0x8e,
    0x38, 0x3a, 0xe6, 0xbf, 0x23, 0x9e, 0x8e, 0xf9, 0xef, 0x88, 0xa3, 0x23, 0x8e, 0x4e, 0xe3, 0x18,
    0xf9, 0xe7, 0x6a, 0x87, 0xc3, 0x5e, 0x87, 0xbd, 0x0e, 0x3b, 0x5d, 0x77, 0x4f, 0x36, 0x3b, 0x1d,
    0x76, 0xba, 0x2e, 0xec, 0xd8, 0xfc, 0x63, 0x7d, 0x13, 0x23, 0xcd, 0xee, 0x0c, 0xbb, 0x33, 0xec,
    0xc9, 0xb0, 0x3f, 0xbb, 0x6a, 0xdd, 0xca, 0x58, 0xb7, 0x32, 0xec, 0xcf, 0xb0, 0x3b, 0xc3, 0xee,
    0x0c, 0xbb, 0x33, 0xec, 0xce, 0xb0, 0x3b, 0xc3, 0xee, 0x0c, 0xbb, 0x33, 0xec, 0xce, 0xb0, 0x3b,
    0xeb, 0xee, 0xc9, 0xbe, 0x5e, 0x3b, 0xce, 0xf4, 0x27, 0x8c, 0x33, 0xec, 0xd7, 0xe5, 0xca, 0x13,
    0x3f, 0xb2, 0xd8, 0xec, 0xa9, 0xb0, 0xb7, 0xc2, 0x8f, 0x0a, 0x3f, 0x2a, 0xec, 0xaf, 0xae, 0xb2,
    0xbf, 0xc2, 0xee, 0x0a, 0x3f, 0x2a, 0xec, 0xaf, 0xb0, 0xbf, 0xc2, 0xfe, 0x0a, 0xfb, 0x2b, 0xec,
    0xaf, 0xb0, 0xbf, 0xc2, 0xfe, 0x0a, 0xfb, 0x2b, 0xf2, 0xa4, 0xc2, 0xfe, 0x0a, 0x7f, 0x2a, 0xe2,
    0x5f, 0x61, 0x7f, 0x85, 0xdd, 0x15, 0x7e, 0x74, 0xf6, 0xc8, 0xba, 0xda, 0x61, 0x3d, 0xe9, 0x9c,
    0x34, 0x3b, 0x4b, 0xfc, 0x29, 0xf1, 0xa7, 0xc4, 0xcf, 0x12, 0xbf, 0xca, 0xab, 0xfc, 0x2a, 0xf1,
    0xa7, 0xc4, 0xbf, 0x12, 0xbf, 0x4a, 0xfc, 0x2a, 0xf1, 0xab, 0xc4, 0xaf, 0x12, 0xbf, 0x4a, 0xfc,
    0x2a, 0xf1, 0xab, 0xc4, 0xaf, 0x12, 0xbf, 0x4a, 0xfc, 0x29, 0xf1, 0xaf, 0xc4, 0xaf, 0x12, 0xbf,
    0x4a, 0xf2, 0x3f, 0xc7, 0xde, 0x1c, 0x7b, 0x73, 0xec, 0xcd, 0xb1, 0x37, 0xbf, 0xca, 0xde, 0x1c,
    0x7b, 0x73, 0xec, 0xcd, 0xb1, 0x37, 0xc7, 0xde, 0x1c, 0x7b, 0x73, 0xec, 0xcd, 0xb1, 0x37, 0xc7,
    0xde, 0x1c, 0x7b, 0x73, 0xec, 0xcd, 0xb1, 0x37, 0xc7, 0xde, 0x1c, 0x7b, 0x73, 0xec, 0xcd, 0xb1,
    0x37, 0xc7, 0xde, 0x02, 0x7b, 0x0b, 0xec, 0x2d, 0xb0, 0xb7, 0xc0, 0x9e, 0xa2, 0x17, 0x5f, 0xb1,
    0x4e, 0x15, 0xcc, 0xe3, 0x02, 0xbb, 0x0b, 0xec, 0x2d, 0xb0, 0xb7, 0xc0, 0xce, 0x02, 0xbb, 0x0b,
    0xd6, 0xbd, 0x42, 0xd7, 0x2f, 0x65, 0x75, 0xa5, 0xbe, 0x64, 0xaf, 0x5d, 0x06, 0xd1, 0x9f, 0xa0,
    0x3f, 0xc1, 0x3e, 0x87, 0x3e, 0x87, 0x3e, 0x47, 0x3f, 0x8e, 0xf6, 0x7e, 0xdd, 0x8b, 0xbc, 0x1d,
    0xea, 0x6f, 0x41, 0x5c, 0x0a, 0xe2, 0x52, 0x10, 0x8f, 0xa2, 0xbb, 0x27, 0x5b, 0x3c, 0x0a, 0xe2,
    0x51, 0x10, 0x8f, 0x94, 0x78, 0xa4, 0xc4, 0x23, 0x25, 0x1e, 0x29, 0xe3, 0x97, 0x5e, 0x35, 0x7e,
    0x29, 0x71, 0x48, 0x89, 0x57, 0x4a, 0x3c, 0x52, 0xe2, 0x91, 0x12, 0x87, 0x94, 0xb8, 0xa4, 0x8c,
    0x5f, 0x8a, 0x9d, 0x29, 0x76, 0xa6, 0xd8, 0x99, 0x32, 0x7e, 0x29, 0x76, 0xa6, 0xd8, 0x9d, 0x62,
    0x6f, 0x8a, 0xbd, 0x29, 0xf3, 0xc8, 0x0e, 0x5e, 0xcd, 0xd8, 0x0e, 0xcc, 0x61, 0x6c, 0x07, 0xe1,
    0x28, 0x3e, 0xaa, 0x17, 0x8d, 0x86, 0x6d, 0xcf, 0xc2, 0x18, 0xf6, 0xa1, 0x83, 0x76, 0xce, 0xef,
    0x75, 0x8f, 0x1e, 0x5a, 0x52, 0xb9, 0xa2, 0xbc, 0x03, 0x4b, 0x98, 0xc3, 0x02, 0x72, 0xfe, 0x8f,
    0x7b, 0xb0, 0x0b, 0xed, 0x45, 0x6e, 0x14, 0xcb, 0x45, 0x46, 0xed, 0x5b, 0xea, 0xe8, 0x7e, 0x9e,
    0xe8, 0x79, 0x30, 0x51, 0x26, 0x30, 0x87, 0xb2, 0x14, 0xb6, 0xec, 0x79, 0xd0, 0xb2, 0xe7, 0xc6,
    0x1c, 0x66, 0xf0, 0xf2, 0x7d, 0xc3, 0xcb, 0x7d, 0xca, 0x53, 0xe8, 0x60, 0x65, 0x4c, 0xd0, 0xa3,
    0xf1, 0x4f, 0x38, 0x37, 0x26, 0x9c, 0x1b, 0x13, 0xce, 0x8d, 0x09, 0xe7, 0x46, 0x39, 0x2e, 0x9e,
    0x84, 0x03, 0x1f, 0x4f, 0xe1, 0x5d, 0x43, 0x95, 0xbb, 0x3c, 0xef, 0x52, 0xdf, 0xc6, 0x21, 0xe1,
    0x5c, 0x68, 0xc7, 0x4c, 0x4f, 0x3b, 0xcf, 0x25, 0x89, 0xde, 0xa4, 0xda, 0xd2, 0xa9, 0xf9, 0x17,
    0xab, 0x7f, 0x4a, 0x49, 0xc9, 0xa6, 0x96, 0x7b, 0xfd, 0xb1, 0x9d, 0x2b, 0x3c, 0xc5, 0x6f, 0x95,
    0x0b, 0xe4, 0xfe, 0xe5, 0x7e, 0xc6, 0xf8, 0x13, 0xe3, 0x67, 0xac, 0xf1, 0xf1, 0xfa, 0xbc, 0x0b,
    0x5e, 0x36, 0xff, 0x62, 0xfc, 0x8d, 0x2d, 0xcf, 0x84, 0x2e, 0x87, 0x25, 0xcc, 0x8c, 0xa9, 0xcf,
    0x3f, 0xaf, 0x47, 0xed, 0x8d, 0x89, 0x43, 0x4c, 0x1c, 0x62, 0xcd, 0x3f, 0xb1, 0x07, 0xff, 0x63,
    0xe2, 0x12, 0xe3, 0x7f, 0x4c, 0x3c, 0xe2, 0x2e, 0xed, 0xbb, 0xa9, 0xfa, 0x1f, 0x13, 0x8f, 0x98,
    0x78, 0xc4, 0xc4, 0x23, 0x26, 0x1e, 0x8e, 0xf1, 0x77, 0xc4, 0xc5, 0x91, 0x07, 0x8e, 0xf1, 0xe7,
    0xdc, 0x60, 0xcf, 0x8d, 0x09, 0xcc, 0xe0, 0x15, 0x71, 0xe1, 0x7c, 0x91, 0x70, 0x5e, 0xf0, 0x4c,
    0x61, 0x61, 0x4c, 0x68, 0x6f, 0xf1, 0x71, 0x8c, 0x3f, 0xe7, 0x86, 0x84, 0x73, 0x43, 0xc2, 0xb9,
    0x41, 0x98, 0x1a, 0xf1, 0xd7, 0x91, 0x07, 0x8e, 0x38, 0x70, 0x9e, 0x48, 0x38, 0x5f, 0x24, 0x0e,
    0xff, 0x1d, 0xfe, 0x73, 0xbe, 0xe0, 0xfa, 0x26, 0xc4, 0x7f, 0xa7, 0xfe, 0x47, 0x92, 0x5e, 0xdb,
    0x5a, 0xce, 0x7e, 0x67, 0xe9, 0xe6, 0xcb, 0xbd, 0x7a, 0x2f, 0x0f, 0xcc, 0x2f, 0xce, 0x8b, 0x9e,
    0x3a, 0x4e, 0x9c, 0xcb, 0x12, 0x3b, 0x97, 0xb5, 0x93, 0x7e, 0x29, 0x3f, 0x69, 0x98, 0xf4, 0xd1,
    0x63, 0x41, 0x91, 0xe7, 0xda, 0x8f, 0xc8, 0xa5, 0xc9, 0x7a, 0x4d, 0x54, 0x26, 0xaa, 0x97, 0x75,
    0x3e, 0x61, 0xfd, 0x4e, 0x58, 0xdf, 0x3d, 0x0b, 0x78, 0xf9, 0xba, 0x9c, 0xb0, 0x0f, 0x24, 0xac,
    0xeb, 0x49, 0xc1, 0x38, 0xb0, 0xde, 0x27, 0xac, 0xef, 0x9e, 0x6a, 0x27, 0xeb, 0x6e, 0x62, 0xeb,
    0x6e, 0x68, 0xd7, 0x2c, 0x4f, 0xec, 0x2b, 0x88, 0x83, 0x5e, 0xa7, 0xa5, 0x1d, 0xfb, 0x7a, 0xc2,
    0xbe, 0x9e, 0xb0, 0xaf, 0x7b, 0x16, 0x46, 0xd3, 0xcf, 0x3e, 0xed, 0xa9, 0xfd, 0xb0, 0x4f, 0x7b,
    0x59, 0xf5, 0x97, 0xf4, 0x53, 0xd2, 0x4f, 0x49, 0x3f, 0x39, 0xfe, 0xe7, 0xf8, 0xcf, 0x3e, 0x9c,
    0xb0, 0x9f, 0x7a, 0x3a, 0xa8, 0x7a, 0xd9, 0x4f, 0x93, 0x1c, 0xbd, 0x39, 0x7a, 0x73, 0xf4, 0xe6,
    0xe8, 0x4d, 0xd1, 0x9b, 0xa2, 0x97, 0xfd, 0x22, 0x49, 0x89, 0x2b, 0xfb, 0x46, 0xc2, 0xbe, 0x90,
    0xa4, 0x57, 0xe5, 0x2d, 0xfb, 0x48, 0xc2, 0xfe, 0x90, 0xd8, 0xfe, 0x10, 0x25, 0xec, 0x07, 0x49,
    0x4a, 0xff, 0x29, 0xfd, 0xa7, 0xf4, 0x9f, 0x6a, 0xff, 0xcd, 0xc4, 0x5e, 0x08, 0x44, 0xf6, 0xfa,
    0x41, 0x69, 0x76, 0xd8, 0x79, 0x34, 0x4a, 0x38, 0x5f, 0x26, 0x19, 0x7a, 0x38, 0x2f, 0x72, 0xd9,
    0x90, 0x72, 0xfc, 0xa8, 0x68, 0x5f, 0x69, 0x7b, 0xcf, 0x93, 0xaa, 0xc7, 0xce, 0x85, 0x22, 0x33,
    0x3f, 0xec, 0xbc, 0x17, 0x26, 0x9c, 0xd7, 0xd8, 0xbc, 0xa5, 0x5c, 0xf5, 0x34, 0xec, 0x5a, 0x2c,
    0x8c, 0x21, 0xfb, 0x4a, 0xc2, 0xfe, 0x61, 0xd7, 0xe0, 0xa0, 0x3a, 0x7a, 0xa4, 0x6b, 0x32, 0xfb,
    0x47, 0xc2, 0xbe, 0x92, 0xb0, 0xaf, 0x24, 0xec, 0x27, 0x09, 0xfb, 0x89, 0x5d, 0x93, 0x85, 0xec,
    0x47, 0x89, 0xed, 0x2b, 0xa1, 0x2d, 0xaf, 0x42, 0x7b, 0xc1, 0xd3, 0xf2, 0xaf, 0x35, 0xe4, 0x9f,
    0x6d, 0x65, 0xda, 0x35, 0xe6, 0xb0, 0x84, 0xb6, 0x36, 0xeb, 0x3e, 0xa4, 0x72, 0x46, 0x79, 0x01,
    0x5d, 0x57, 0xf5, 0xf4, 0xd0, 0xd3, 0x4b, 0x7b, 0xc6, 0x1c, 0x96, 0xf0, 0xd2, 0x41, 0xc8, 0xe4,
    0xa2, 0x77, 0xd3, 0x13, 0x6a, 0xf7, 0xbe, 0x9b, 0x9e, 0xc8, 0x61, 0x09, 0xd5, 0xee, 0x7d, 0x7b,
    0xf5, 0x6f, 0x7a, 0x22, 0xa3, 0xbc, 0x80, 0x1a, 0xa7, 0x7d, 0x4b, 0xef, 0xd7, 0xf7, 0x29, 0xd7,
    0x34, 0xed, 0xf5, 0x4c, 0xa0, 0xec, 0x42, 0xe9, 0xed, 0xfc, 0x23, 0xfb, 0xfc, 0xbe, 0x1e, 0x79,
    0xfb, 0x12, 0xfc, 0x4c, 0xf0, 0x2f, 0x11, 0x3f, 0xb4, 0x1c, 0xbb, 0x13, 0xec, 0x4e, 0xb0, 0x5b,
    0x52, 0x05, 0x66, 0xbd, 0x9b, 0x9e, 0xc4, 0xce, 0x27, 0xb1, 0xf3, 0x49, 0xec, 0x79, 0x32, 0xb9,
    0xd2, 0xce, 0x27, 0xb1, 0xeb, 0x23, 0xc9, 0x45, 0xbb, 0x12, 0xec, 0x4a, 0xb0, 0xcb, 0x0f, 0xd1,
    0xf9, 0x37, 0x9b, 0x5d, 0x4b, 0x1f, 0xd5, 0x75, 0xbe, 0xe5, 0xfb, 0x91, 0x13, 0x96, 0xda, 0xe3,
    0x4f, 0x56, 0xc6, 0x24, 0xb0, 0x72, 0x1b, 0x97, 0xa2, 0x5b, 0x41, 0x3b, 0x7b, 0xee, 0xc5, 0xb1,
    0x60, 0x3c, 0xe4, 0x64, 0x06, 0xfb, 0xb0, 0xe8, 0x2e, 0x7d, 0x42, 0xf7, 0x15, 0xd3, 0x2f, 0xfe,
    0xa8, 0xde, 0x1e, 0xfa, 0x7b, 0xe8, 0xc7, 0xef, 0x02, 0xbf, 0x8b, 0x9e, 0xad, 0x05, 0x17, 0xf5,
    0xf7, 0x2a, 0xca, 0x0b, 0xd8, 0x87, 0x59, 0xef, 0xfc, 0x75, 0x49, 0x21, 0x47, 0x99, 0xb6, 0x32,
    0x87, 0x25, 0xac, 0x60, 0x11, 0xb4, 0xf7, 0xf4, 0xa9, 0xdc, 0xa7, 0x3c, 0x81, 0x19, 0x74, 0x46,
    0x89, 0x5c, 0x7b, 0xe4, 0xe5, 0xc0, 0x28, 0x11, 0x6e, 0x2f, 0x5f, 0xa7, 0x89, 0xdf, 0x6e, 0xda,
    0xeb, 0x50, 0x8d, 0x63, 0x41, 0x3c, 0xfd, 0x0a, 0xa9, 0xf6, 0x48, 0x48, 0x97, 0xf7, 0x5b, 0x3c,
    0x97, 0xf7, 0x3b, 0xa8, 0xb9, 0xdb, 0xf2, 0xfe, 0xfa, 0x13, 0xbd, 0xd1, 0xc6, 0x3b, 0x97, 0x38,
    0x2d, 0x5f, 0xaf, 0xfb, 0x4e, 0x6b, 0xf9, 0xfa, 0x18, 0xea, 0x04, 0xb2, 0xfa, 0x3d, 0xea, 0x93,
    0x1f, 0xb9, 0xf8, 0x7d, 0xfe, 0x60, 0x92, 0x27, 0xde, 0x4e, 0xcf, 0x18, 0x8a, 0x1f, 0x23, 0xcf,
    0xc0, 0x64, 0xef, 0xdf, 0xf2, 0x41, 0x9d, 0x98, 0x6a, 0x6f, 0x8e, 0xbd, 0x39, 0xf6, 0xe6, 0xd8,
    0x9b, 0x8b, 0xbd, 0xe7, 0x0f, 0x27, 0x7d, 0xaf, 0x6f, 0xf9, 0xb0, 0x4e, 0xf4, 0xf6, 0xf2, 0xcb,
    0xb0, 0xfb, 0x88, 0xd9, 0xe5, 0xeb, 0xfb, 0x9d, 0xca, 0xd7, 0xef, 0x4b, 0x7d, 0x6f, 0x4f, 0x1f,
    0x3f, 0xfc, 0x8e, 0xb6, 0x9c, 0xe0, 0xaf, 0x9d, 0x9f, 0x84, 0xee, 0xa2, 0xbf, 0x25, 0x79, 0x54,
    0x92, 0x47, 0x25, 0xf9, 0x53, 0x92, 0x1f, 0xa5, 0xe4, 0xc7, 0x72, 0x1f, 0xff, 0xfb, 0xf8, 0xdf,
    0xbf, 0xe4, 0x7f, 0x49, 0x9e, 0x94, 0xe4, 0x49, 0xc9, 0x3c, 0x2e, 0xc9, 0x87, 0x52, 0xe2, 0xf1,
    0xb6, 0x93, 0xc2, 0xb8, 0x6c, 0x19, 0x2b, 0xd8, 0x37, 0x26, 0x0e, 0xc6, 0x30, 0x69, 0x9d, 0xd7,
    0xe7, 0x81, 0x51, 0xdc, 0x18, 0x79, 0xfa, 0x7e, 0x4f, 0xda, 0xeb, 0xea, 0xa6, 0xbd, 0xf6, 0xd6,
    0x38, 0x95, 0xc4, 0xcb, 0x67, 0xa3, 0xda, 0xb1, 0xcf, 0x29, 0x53, 0xc6, 0x2f, 0x65, 0x7d, 0x4a,
    0xf1, 0x2b, 0x65, 0x5e, 0xa7, 0x5d, 0xbb, 0x8b, 0xec, 0xe5, 0x6f, 0xca, 0xfc, 0x48, 0xc5, 0x6f,
    0x6d, 0xcf, 0x78, 0xa6, 0xe4, 0x7b, 0x8a, 0x5f, 0x29, 0x7e, 0xa5, 0x57, 0xad, 0x53, 0x29, 0x79,
    0x9f, 0xfa, 0xf1, 0x5f, 0x4b, 0x52, 0xcd, 0x73, 0xcf, 0x12, 0x56, 0x30, 0x83, 0x97, 0xe7, 0xbb,
    0x97, 0x25, 0x1f, 0x46, 0x9e, 0x7e, 0x7c, 0xd7, 0x74, 0xa1, 0xd6, 0xbc, 0x48, 0xf1, 0x33, 0xc5,
    0xcf, 0x94, 0xbc, 0x48, 0x7d, 0x1e, 0x3f, 0x40, 0x1e, 0x3c, 0x70, 0x29, 0x7f, 0x63, 0xc6, 0xdd,
    0x9f, 0x1c, 0x97, 0x27, 0x8c, 0xdb, 0xe4, 0xd2, 0x78, 0xc5, 0xe4, 0xab, 0x3f, 0x99, 0xbe, 0xed,
    0x61, 0xa1, 0x8f, 0xbf, 0x52, 0xe2, 0xee, 0xe9, 0xe3, 0xae, 0xb2, 0xb4, 0x7b, 0xf8, 0x52, 0xbc,
    0x63, 0xec, 0x88, 0xb1, 0x23, 0x26, 0xde, 0x31, 0xf1, 0xce, 0xc8, 0x23, 0xbf, 0x33, 0x2e, 0xbf,
    0x21, 0xbb, 0xb8, 0xae, 0x65, 0xb4, 0xcb, 0x68, 0xe7, 0xa3, 0x76, 0xfe, 0x2d, 0x97, 0xd6, 0xdb,
    0x8a, 0x71, 0x92, 0x37, 0x19, 0xdd, 0xe5, 0x37, 0x55, 0x17, 0xdb, 0x55, 0xb4, 0xab, 0x68, 0xe7,
    0x77, 0xc4, 0xf3, 0x6f, 0xb5, 0x76, 0x91, 0x5f, 0xb7, 0xfd, 0xfe, 0xe8, 0xec, 0x85, 0xb1, 0x67,
    0x01, 0x73, 0xd8, 0xdf, 0x0b, 0x2e, 0x72, 0x09, 0x53, 0x18, 0xc3, 0x0c, 0x56, 0xb6, 0xcf, 0xb9,
    0xd8, 0xec, 0x11, 0xea, 0x7a, 0x2a, 0xcc, 0x61, 0x02, 0xb3, 0xcb, 0xf3, 0x46, 0xe4, 0x82, 0x72,
    0xdd, 0xdf, 0x5c, 0xdc, 0xa3, 0xbd, 0xad, 0x97, 0xc2, 0x1c, 0x26, 0xf0, 0x8a, 0xbc, 0x11, 0xb9,
    0xe8, 0x1d, 0x7c, 0xdc, 0xf6, 0x8d, 0x83, 0x8f, 0xe7, 0x30, 0x83, 0xc5, 0x15, 0xfb, 0xc6, 0xc1,
    0xc7, 0x13, 0xca, 0x6d, 0xff, 0x58, 0x7e, 0x47, 0xbc, 0x17, 0x2f, 0xc7, 0xf8, 0x38, 0xc6, 0xc7,
    0x5f, 0xe3, 0x83, 0xf3, 0x1f, 0x92, 0x78, 0xb9, 0x20, 0x92, 0x7e, 0xfc, 0x9b, 0x45, 0x6f, 0x9f,
    0xbe, 0x51, 0x34, 0xea, 0x7c, 0x15, 0xaa, 0x9f, 0xc2, 0x1c, 0xda, 0x3b, 0x16, 0xec, 0x13, 0x39,
    0xa3, 0xbc, 0x80, 0xce, 0x68, 0xfb, 0x84, 0xbe, 0xd1, 0x34, 0xa2, 0xcf, 0xfc, 0x16, 0xe6, 0xf0,
    0x8a, 0x7d, 0x42, 0xe4, 0x8c, 0xf2, 0xa2, 0x77, 0xfe, 0x89, 0xb8, 0xaf, 0xfb, 0x82, 0x67, 0x0e,
    0x4b, 0x98, 0xc0, 0xec, 0xb2, 0x79, 0xe2, 0xe5, 0x82, 0x72, 0x59, 0x0f, 0x47, 0x9e, 0x7e, 0xbe,
    0x3c, 0xa1, 0x17, 0x6e, 0x3f, 0x5f, 0xf4, 0x0b, 0x1a, 0x65, 0x17, 0xf6, 0xe8, 0x57, 0x42, 0x11,
    0x79, 0xda, 0x38, 0xdb, 0xb9, 0xdc, 0x33, 0x87, 0x29, 0x2c, 0xe0, 0xe5, 0xef, 0x63, 0xbc, 0xec,
    0xef, 0x35, 0x8e, 0xfb, 0x9c, 0xb3, 0xfb, 0x5c, 0xe8, 0xec, 0xe2, 0x1f, 0xf9, 0x78, 0x9b, 0xec,
    0xe1, 0xd9, 0x81, 0x97, 0x94, 0x58, 0xbd, 0x23, 0x1d, 0xa5, 0xdd, 0x53, 0x5a, 0xfe, 0xda, 0x73,
    0xae, 0x23, 0xf5, 0x78, 0x2f, 0xe7, 0x3a, 0xb4, 0xe3, 0xfd, 0x9c, 0xe3, 0xfe, 0x62, 0xd7, 0xa3,
    0x8b, 0x9f, 0xd0, 0xae, 0x4d, 0x52, 0xce, 0x3d, 0xdb, 0x25, 0xd8, 0x63, 0x07, 0x42, 0x91, 0xb5,
    0x1f, 0x91, 0x7b, 0x56, 0x9f, 0xef, 0x4b, 0x9c, 0x1d, 0x1c, 0xb3, 0x8b, 0x7a, 0xec, 0x80, 0x28,
    0xa4, 0x3f, 0xbe, 0x6f, 0x71, 0x7c, 0x9f, 0xe2, 0xf8, 0x3e, 0xc5, 0xd9, 0x01, 0x51, 0x98, 0x99,
    0x7e, 0xde, 0x4f, 0xba, 0x8a, 0x7e, 0x2b, 0xfa, 0xad, 0xe8, 0x97, 0xf7, 0x90, 0xae, 0xca, 0xad,
    0x9c, 0xf3, 0xb2, 0xe3, 0xbc, 0xec, 0x32, 0xea, 0x67, 0xd4, 0xe7, 0xdc, 0xec, 0xb8, 0x37, 0x3a,
    0x47, 0x39, 0xf7, 0x3d, 0xe7, 0xb0, 0xcb, 0x61, 0x97, 0xb3, 0x03, 0xf1, 0x45, 0x3f, 0xf8, 0xbe,
    0xd2, 0x39, 0xec, 0xe3, 0x9c, 0xef, 0x78, 0xef, 0xe3, 0x52, 0xf4, 0x71, 0xce, 0x77, 0xdc, 0x6f,
    0x1c, 0xf7, 0x1b, 0x57, 0x62, 0x4f, 0x49, 0x3d, 0xde, 0x37, 0xba, 0x92, 0xb8, 0x94, 0xa9, 0x3d,
    0xe7, 0xfe, 0xe5, 0xb8, 0x7f, 0xb9, 0x82, 0x76, 0x05, 0xed, 0x78, 0xcf, 0xe5, 0xfc, 0xb1, 0x44,
    0x49, 0x7e, 0x70, 0xef, 0x71, 0xdc, 0x7b, 0x5c, 0x4e, 0xbb, 0x9c, 0x76, 0xdc, 0x7f, 0x9c, 0xdd,
    0x43, 0x43, 0xd7, 0xe7, 0x39, 0xf7, 0x4d, 0x67, 0x97, 0x9b, 0xb6, 0x1b, 0x54, 0x03, 0x37, 0x48,
    0x1b, 0xe6, 0x6e, 0xd0, 0x70, 0x9c, 0xff, 0x09, 0x47, 0xc3, 0x71, 0x8e, 0xb7, 0x30, 0x04, 0xdd,
    0xa3, 0x47, 0x06, 0x3d, 0x95, 0xb9, 0x2f, 0x38, 0xce, 0xff, 0x8e, 0x7b, 0x81, 0x85, 0x53, 0xc8,
    0xfd, 0xc0, 0xd9, 0xaa, 0xd9, 0x74, 0xf6, 0x9e, 0xab, 0xe1, 0xb8, 0x0f, 0xd8, 0x70, 0x88, 0x3c,
    0xe0, 0xb9, 0x7d, 0x11, 0x1a, 0xa5, 0xdc, 0xb7, 0x53, 0xf2, 0x37, 0x25, 0x7f, 0x53, 0xf2, 0x37,
    0xb5, 0xfc, 0x15, 0x5a, 0xc3, 0xbd, 0xf9, 0x94, 0x5a, 0xde, 0x47, 0x29, 0xf3, 0x29, 0x65, 0x3e,
    0xa5, 0xcc, 0x9b, 0xd4, 0xe6, 0x8d, 0x94, 0xdb, 0x7c, 0x49, 0xc9, 0xf3, 0x94, 0xbc, 0x4e, 0xc9,
    0xeb, 0xb4, 0xa2, 0x1f, 0xcb, 0xbf, 0x06, 0xdf, 0xb1, 0x36, 0xfc, 0x2e, 0xaa, 0x24, 0x2e, 0xe9,
    0x51, 0x68, 0xf1, 0x29, 0xcd, 0x5d, 0x91, 0x2d, 0x2e, 0x61, 0x8a, 0x7f, 0x29, 0xef, 0xed, 0x52,
    0xee, 0x45, 0x29, 0xf1, 0x49, 0x89, 0x5b, 0x4a, 0xdc, 0x52, 0x53, 0x10, 0x66, 0xf8, 0x9b, 0xe1,
    0x67, 0xc6, 0xfb, 0x05, 0xfb, 0x3a, 0x21, 0x68, 0x2a, 0x7d, 0x39, 0xdf, 0xdb, 0x65, 0x36, 0x1f,
    0x1a, 0x19, 0x76, 0x66, 0xd8, 0x99, 0x61, 0x5f, 0xc6, 0xf8, 0x65, 0x66, 0x37, 0xdd, 0x4b, 0x3b,
    0xec, 0xcb, 0xb0, 0x2f, 0xc3, 0xbe, 0x0c, 0x7b, 0x32, 0xc6, 0x37, 0x63, 0x1c, 0x33, 0xec, 0xcd,
    0x4c, 0x41, 0x94, 0x33, 0x4e, 0x39, 0xeb, 0x49, 0xce, 0xfb, 0x90, 0xdc, 0xec, 0x0d, 0xf3, 0xbe,
    0x56, 0x6c, 0xe4, 0xd8, 0x95, 0x63, 0x4f, 0x8e, 0x3d, 0xb9, 0xf5, 0x17, 0x5a, 0xba, 0x06, 0x79,
    0x4a, 0xfc, 0x72, 0xec, 0xc9, 0x89, 0x53, 0x4e, 0xbc, 0xf3, 0x18, 0x62, 0x57, 0x8e, 0x9d, 0x39,
    0xf6, 0xa1, 0x20, 0x2a, 0xb0, 0xab, 0x20, 0x7f, 0x0a, 0xf2, 0xa6, 0x20, 0x9e, 0x85, 0xd9, 0xd7
};
